store_id,product_option_id,date,actual,predicted
1,1,2025-12-02,5,5.003747224615046
1,1,2025-12-03,4,5.074375046264902
1,1,2025-12-04,5,5.061583160661145
1,1,2025-12-05,5,5.152563180750001
1,1,2025-12-06,6,5.908375586236648
1,1,2025-12-07,5,5.625010076936183
1,1,2025-12-08,5,5.341183349068961
1,1,2025-12-09,6,5.3276863822225184
1,1,2025-12-10,5,5.398314203872999
1,1,2025-12-11,5,5.385522318268545
1,1,2025-12-12,5,5.4765023383581966
1,1,2025-12-13,5,6.232314743844538
1,1,2025-12-14,6,5.948949234543793
1,1,2025-12-15,5,5.665122506677146
1,1,2025-12-16,5,5.651625539830679
1,1,2025-12-17,4,5.722253361481323
1,1,2025-12-18,5,5.709461475876457
1,1,2025-12-19,5,5.800441495966388
1,1,2025-12-20,6,6.556253901452707
1,1,2025-12-21,6,6.272888392153347
1,1,2025-12-22,6,5.989061664285327
1,1,2025-12-23,4,5.97556469743806
1,1,2025-12-24,9,6.046192519088212
1,1,2025-12-25,8,6.033400633484366
1,1,2025-12-26,10,6.124380653572471
1,1,2025-12-27,5,6.880193059060737
1,1,2025-12-28,5,6.596827549760495
1,1,2025-12-29,4,6.313000821892824
1,1,2025-12-30,4,6.29950385504622
1,1,2025-12-31,4,6.370131676696532
1,2,2025-12-02,3,3.3095960747191957
1,2,2025-12-03,3,3.028327790451047
1,2,2025-12-04,2,3.2467718326626542
1,2,2025-12-05,2,3.194381032772326
1,2,2025-12-06,4,3.6419384772503687
1,2,2025-12-07,3,3.589295539307056
1,2,2025-12-08,3,3.3280531255097805
1,2,2025-12-09,3,3.5107198398540453
1,2,2025-12-10,3,3.2294515555861145
1,2,2025-12-11,3,3.447895597797645
1,2,2025-12-12,3,3.395504797907445
1,2,2025-12-13,4,3.843062242383999
1,2,2025-12-14,3,3.7904193044418832
1,2,2025-12-15,3,3.5291768906451124
1,2,2025-12-16,2,3.7118436049889154
1,2,2025-12-17,3,3.430575320720873
1,2,2025-12-18,3,3.649019362932304
1,2,2025-12-19,3,3.5966285630425627
1,2,2025-12-20,4,4.044186007519604
1,2,2025-12-21,4,3.9915430695775194
1,2,2025-12-22,3,3.7303006557804443
1,2,2025-12-23,2,3.912967370123212
1,2,2025-12-24,4,3.631699085855365
1,2,2025-12-25,5,3.8501431280669625
1,2,2025-12-26,5,3.797752328176492
1,2,2025-12-27,4,4.245309772654223
1,2,2025-12-28,3,4.1926668347113
1,2,2025-12-29,3,3.931424420914877
1,2,2025-12-30,3,4.114091135258082
1,2,2025-12-31,3,3.8328228509901234
1,3,2025-12-02,3,2.9337111791114725
1,3,2025-12-03,3,2.8395919577559106
1,3,2025-12-04,3,2.763327199997152
1,3,2025-12-05,3,2.8745864685610494
1,3,2025-12-06,3,3.256678952693917
1,3,2025-12-07,3,3.159350616156992
1,3,2025-12-08,3,2.9159433437180025
1,3,2025-12-09,3,3.108634463026651
1,3,2025-12-10,3,3.0145152416721084
1,3,2025-12-11,3,2.938250483912791
1,3,2025-12-12,3,3.049509752476956
1,3,2025-12-13,3,3.4316022366091326
1,3,2025-12-14,3,3.3342739000724246
1,3,2025-12-15,2,3.090866627633756
1,3,2025-12-16,0,3.283557746942352
1,3,2025-12-17,3,3.189438525587535
1,3,2025-12-18,3,3.113173767828262
1,3,2025-12-19,2,3.224433036392862
1,3,2025-12-20,4,3.606525520525083
1,3,2025-12-21,3,3.5091971839890705
1,3,2025-12-22,3,3.265789911549508
1,3,2025-12-23,2,3.4584810308578926
1,3,2025-12-24,5,3.364361809502971
1,3,2025-12-25,4,3.288097051743732
1,3,2025-12-26,4,3.399356320307286
1,3,2025-12-27,4,3.7814488044406644
1,3,2025-12-28,3,3.684120467904137
1,3,2025-12-29,3,3.4407131954649715
1,3,2025-12-30,3,3.633404314773593
1,3,2025-12-31,3,3.539285093418398
1,4,2025-12-02,4,5.357326593894865
1,4,2025-12-03,5,5.285855028340103
1,4,2025-12-04,5,5.3173642569893405
1,4,2025-12-05,5,5.453003582029846
1,4,2025-12-06,7,5.859281617653997
1,4,2025-12-07,6,5.911063303963228
1,4,2025-12-08,4,5.504574500243118
1,4,2025-12-09,5,5.584561850884587
1,4,2025-12-10,5,5.513090285330277
1,4,2025-12-11,5,5.544599513979503
1,4,2025-12-12,5,5.680238839020127
1,4,2025-12-13,5,6.086516874643504
1,4,2025-12-14,4,6.138298560953004
1,4,2025-12-15,4,5.7318097572329965
1,4,2025-12-16,4,5.811797107874533
1,4,2025-12-17,4,5.7403255423199715
1,4,2025-12-18,5,5.7718347709692885
1,4,2025-12-19,5,5.907474096010405
1,4,2025-12-20,5,6.313752131633956
1,4,2025-12-21,4,6.365533817943972
1,4,2025-12-22,5,5.959045014222876
1,4,2025-12-23,5,6.039032364864477
1,4,2025-12-24,7,5.967560799310084
1,4,2025-12-25,8,5.999070027959075
1,4,2025-12-26,8,6.134709352999218
1,4,2025-12-27,5,6.540987388623936
1,4,2025-12-28,6,6.592769074933368
1,4,2025-12-29,4,6.186280271212544
1,4,2025-12-30,5,6.266267621854423
1,4,2025-12-31,4,6.194796056299778
1,5,2025-12-02,15,18.118143147682776
1,5,2025-12-03,13,17.397319870671566
1,5,2025-12-04,11,17.8346895950979
1,5,2025-12-05,14,18.334337767563706
1,5,2025-12-06,17,20.016993244750836
1,5,2025-12-07,15,20.01649793500184
1,5,2025-12-08,15,18.624501853688418
1,5,2025-12-09,15,18.87550756735786
1,5,2025-12-10,15,18.154684290347554
1,5,2025-12-11,14,18.592054014773648
1,5,2025-12-12,15,19.091702187239928
1,5,2025-12-13,18,20.77435766442311
1,5,2025-12-14,15,20.773862354676268
1,5,2025-12-15,18,19.381866273363734
1,5,2025-12-16,15,19.632871987032647
1,5,2025-12-17,15,18.91204871002171
1,5,2025-12-18,16,19.34941843444809
1,5,2025-12-19,16,19.84906660691615
1,5,2025-12-20,19,21.531722084100224
1,5,2025-12-21,18,21.531226774354856
1,5,2025-12-22,14,20.139230693039057
1,5,2025-12-23,16,20.39023640670664
1,5,2025-12-24,22,19.669413129696437
1,5,2025-12-25,26,20.10678285412253
1,5,2025-12-26,26,20.60643102658637
1,5,2025-12-27,17,22.28908650377492
1,5,2025-12-28,17,22.288591194026992
1,5,2025-12-29,12,20.896595112712667
1,5,2025-12-30,14,21.147600826381424
1,5,2025-12-31,15,20.4267775493706
1,6,2025-12-02,2,5.119024901438955
1,6,2025-12-03,2,4.975037732143257
1,6,2025-12-04,2,4.697933550369473
1,6,2025-12-05,2,5.1915961682178455
1,6,2025-12-06,3,5.747753597340462
1,6,2025-12-07,2,6.075884235987572
1,6,2025-12-08,3,3.5301657334648517
1,6,2025-12-09,2,4.340373221523617
1,6,2025-12-10,2,4.196386052231631
1,6,2025-12-11,2,3.91928187045969
1,6,2025-12-12,3,4.412944488307185
1,6,2025-12-13,2,4.969101917425986
1,6,2025-12-14,3,5.297232556074403
1,6,2025-12-15,3,2.7515140535512868
1,6,2025-12-16,2,3.561721541611395
1,6,2025-12-17,3,3.4177343723168763
1,6,2025-12-18,2,3.1406301905463234
1,6,2025-12-19,3,3.634292808396525
1,6,2025-12-20,3,4.190450237515986
1,6,2025-12-21,3,4.518580876167143
1,6,2025-12-22,3,1.972862373637721
1,6,2025-12-23,3,2.7830698617014042
1,6,2025-12-24,4,2.639082692408577
1,6,2025-12-25,5,2.3619785106329565
1,6,2025-12-26,4,2.8556411284809977
1,6,2025-12-27,3,3.411798557603745
1,6,2025-12-28,3,3.7399291962531716
1,6,2025-12-29,3,1.1942106937249488
1,6,2025-12-30,3,2.0044181817891826
1,6,2025-12-31,2,1.8604310124938221
1,7,2025-12-02,1,1.9755056979344663
1,7,2025-12-03,1,1.8884474912126872
1,7,2025-12-04,1,1.7516635166307406
1,7,2025-12-05,1,1.8440457990360704
1,7,2025-12-06,1,2.2697618750457265
1,7,2025-12-07,1,2.195893286716759
1,7,2025-12-08,1,1.5391070794795234
1,7,2025-12-09,1,1.652574570575632
1,7,2025-12-10,1,1.5655163638549463
1,7,2025-12-11,1,1.428732389272899
1,7,2025-12-12,1,1.5211146716784232
1,7,2025-12-13,1,1.946830747687161
1,7,2025-12-14,1,1.8729621593583612
1,7,2025-12-15,1,1.2161759521212971
1,7,2025-12-16,1,1.3296434432176256
1,7,2025-12-17,1,1.2425852364964824
1,7,2025-12-18,1,1.1058012619145525
1,7,2025-12-19,1,1.198183544320776
1,7,2025-12-20,1,1.623899620329653
1,7,2025-12-21,1,1.550031032001885
1,7,2025-12-22,1,0.8932448247630689
1,7,2025-12-23,1,1.006712315859715
1,7,2025-12-24,1,0.919654109138685
1,7,2025-12-25,2,0.7828701345562061
1,7,2025-12-26,2,0.8752524169611556
1,7,2025-12-27,1,1.300968492971618
1,7,2025-12-28,1,1.2270999046431061
1,7,2025-12-29,1,0.5703136974046834
1,7,2025-12-30,1,0.6837811885017068
1,7,2025-12-31,1,0.5967229817802211
1,8,2025-12-02,2,4.224899516563534
1,8,2025-12-03,2,3.7662786838943587
1,8,2025-12-04,2,3.945993288774336
1,8,2025-12-05,2,4.334138666723621
1,8,2025-12-06,3,5.347580612371267
1,8,2025-12-07,3,5.278431645616436
1,8,2025-12-08,3,2.958828383751015
1,8,2025-12-09,2,3.5629406224350237
1,8,2025-12-10,2,3.104319789768214
1,8,2025-12-11,2,3.2840343946497494
1,8,2025-12-12,2,3.6721797725986605
1,8,2025-12-13,2,4.685621718241722
1,8,2025-12-14,3,4.616472751489126
1,8,2025-12-15,2,2.2968694896241524
1,8,2025-12-16,2,2.9009817283085813
1,8,2025-12-17,2,2.4423608956400633
1,8,2025-12-18,2,2.622075500522406
1,8,2025-12-19,2,3.0102208784737035
1,8,2025-12-20,3,4.0236628241176815
1,8,2025-12-21,3,3.9545138573677794
1,8,2025-12-22,2,1.6349105954972936
1,8,2025-12-23,2,2.2390228341828258
1,8,2025-12-24,3,1.7804020015157223
1,8,2025-12-25,3,1.9601166063950664
1,8,2025-12-26,4,2.3482619843431953
1,8,2025-12-27,3,3.3617039299908873
1,8,2025-12-28,3,3.2925549632385684
1,8,2025-12-29,2,0.9729517013697548
1,8,2025-12-30,2,1.577063940056383
1,8,2025-12-31,2,1.1184431073875716
1,9,2025-12-02,12,15.790426270921857
1,9,2025-12-03,16,16.526364815531
1,9,2025-12-04,15,17.02670179121973
1,9,2025-12-05,14,16.652103367985482
1,9,2025-12-06,16,18.298191969419342
1,9,2025-12-07,17,19.25708026768022
1,9,2025-12-08,12,16.653835741725945
1,9,2025-12-09,14,15.712267837271066
1,9,2025-12-10,10,16.448206381877526
1,9,2025-12-11,15,16.948543357570465
1,9,2025-12-12,11,16.573944934336545
1,9,2025-12-13,18,18.220033535769343
1,9,2025-12-14,15,19.178921834029914
1,9,2025-12-15,13,16.575677308074603
1,9,2025-12-16,13,15.634109403621446
1,9,2025-12-17,13,16.370047948227985
1,9,2025-12-18,16,16.870384923919957
1,9,2025-12-19,10,16.495786500687608
1,9,2025-12-20,18,18.14187510212213
1,9,2025-12-21,16,19.100763400383716
1,9,2025-12-22,12,16.49751887442326
1,9,2025-12-23,12,15.555950969971981
1,9,2025-12-24,28,16.291889514579992
1,9,2025-12-25,20,16.792226490269456
1,9,2025-12-26,20,16.417628067035775
1,9,2025-12-27,18,18.06371666847352
1,9,2025-12-28,16,19.022604966732363
1,9,2025-12-29,12,16.41936044077142
1,9,2025-12-30,14,15.477792536322363
1,9,2025-12-31,12,16.21373108093045
1,10,2025-12-02,2,2.036691530075202
1,10,2025-12-03,1,2.0638782927340085
1,10,2025-12-04,1,2.0018850425634
1,10,2025-12-05,1,1.9810660741951263
1,10,2025-12-06,2,2.104343616917862
1,10,2025-12-07,2,2.351135611364197
1,10,2025-12-08,1,1.9186343932825518
1,10,2025-12-09,2,2.041562024463253
1,10,2025-12-10,1,2.0687487871225803
1,10,2025-12-11,2,2.006755536952389
1,10,2025-12-12,1,1.9859365685839363
1,10,2025-12-13,2,2.1092141113061276
1,10,2025-12-14,2,2.356006105752704
1,10,2025-12-15,2,1.9235048876708365
1,10,2025-12-16,1,2.0464325188518315
1,10,2025-12-17,1,2.073619281510709
1,10,2025-12-18,2,2.011626031340681
1,10,2025-12-19,1,1.9908070629727461
1,10,2025-12-20,1,2.11408460569523
1,10,2025-12-21,2,2.3608766001418107
1,10,2025-12-22,2,1.9283753820591212
1,10,2025-12-23,1,2.0513030132408603
1,10,2025-12-24,2,2.07848977590011
1,10,2025-12-25,3,2.0164965257289733
1,10,2025-12-26,3,1.9956775573610943
1,10,2025-12-27,2,2.118955100083914
1,10,2025-12-28,1,2.365747094530182
1,10,2025-12-29,2,1.9332458764475808
1,10,2025-12-30,2,2.0561735076294387
1,10,2025-12-31,1,2.0833602702882397
1,11,2025-12-02,5,3.535086043927647
1,11,2025-12-03,7,3.298662075167286
1,11,2025-12-04,4,3.5090117167799493
1,11,2025-12-05,6,3.5742638711243613
1,11,2025-12-06,7,5.154440680264335
1,11,2025-12-07,8,4.742900457698565
1,11,2025-12-08,6,3.2317242077332646
1,11,2025-12-09,5,3.266784748766895
1,11,2025-12-10,6,3.030360780007523
1,11,2025-12-11,7,3.240710421620296
1,11,2025-12-12,6,3.305962575965686
1,11,2025-12-13,7,4.886139385102928
1,11,2025-12-14,7,4.474599162538218
1,11,2025-12-15,7,2.9634229125739773
1,11,2025-12-16,6,2.998483453607537
1,11,2025-12-17,6,2.762059484847925
1,11,2025-12-18,8,2.972409126460218
1,11,2025-12-19,5,3.037661280807008
1,11,2025-12-20,6,4.617838089944977
1,11,2025-12-21,8,4.206297867382834
1,11,2025-12-22,6,2.695121617414692
1,11,2025-12-23,6,2.730182158446981
1,11,2025-12-24,10,2.493758189687461
1,11,2025-12-25,11,2.704107831300143
1,11,2025-12-26,13,2.769359985643179
1,11,2025-12-27,8,4.349536794785296
1,11,2025-12-28,8,3.937996572220568
1,11,2025-12-29,5,2.426820322253674
1,11,2025-12-30,6,2.4618808632876226
1,11,2025-12-31,4,2.225456894527863
2,1,2025-12-02,5,5.385836652004498
2,1,2025-12-03,6,5.465141897536407
2,1,2025-12-04,5,5.5391566308970575
2,1,2025-12-05,6,5.717253931150041
2,1,2025-12-06,6,6.187012266049142
2,1,2025-12-07,6,6.427188691724448
2,1,2025-12-08,6,5.687739731469213
2,1,2025-12-09,5,5.727159118815902
2,1,2025-12-10,6,5.80646436434809
2,1,2025-12-11,4,5.8804790977094346
2,1,2025-12-12,6,6.058576397962376
2,1,2025-12-13,6,6.52833473286064
2,1,2025-12-14,6,6.768511158536079
2,1,2025-12-15,6,6.029062198280654
2,1,2025-12-16,6,6.068481585627776
2,1,2025-12-17,6,6.147786831159557
2,1,2025-12-18,6,6.221801564521062
2,1,2025-12-19,6,6.399898864774714
2,1,2025-12-20,6,6.869657199673274
2,1,2025-12-21,6,7.109833625349398
2,1,2025-12-22,5,6.370384665092098
2,1,2025-12-23,6,6.409804052440022
2,1,2025-12-24,9,6.489109297972271
2,1,2025-12-25,9,6.563124031332689
2,1,2025-12-26,11,6.741221331585416
2,1,2025-12-27,6,7.210979666485341
2,1,2025-12-28,6,7.451156092160745
2,1,2025-12-29,6,6.711707131903585
2,1,2025-12-30,5,6.751126519251896
2,1,2025-12-31,4,6.830431764783734
2,2,2025-12-02,2,3.554443710070386
2,2,2025-12-03,3,3.6230094418799377
2,2,2025-12-04,3,3.6587370262141694
2,2,2025-12-05,3,3.590285633245391
2,2,2025-12-06,5,3.959253603961395
2,2,2025-12-07,0,4.057153999415508
2,2,2025-12-08,3,3.6964747340640463
2,2,2025-12-09,3,3.784872600862721
2,2,2025-12-10,4,3.8534383326726234
2,2,2025-12-11,3,3.8891659170070616
2,2,2025-12-12,4,3.8207145240384355
2,2,2025-12-13,4,4.189682494753881
2,2,2025-12-14,4,4.28758289020825
2,2,2025-12-15,3,3.926903624856884
2,2,2025-12-16,4,4.015301491655676
2,2,2025-12-17,0,4.083867223465408
2,2,2025-12-18,4,4.119594807799689
2,2,2025-12-19,3,4.051143414831481
2,2,2025-12-20,4,4.420111385547252
2,2,2025-12-21,3,4.518011781001914
2,2,2025-12-22,3,4.1573325156497205
2,2,2025-12-23,4,4.245730382448518
2,2,2025-12-24,6,4.3142961142583625
2,2,2025-12-25,5,4.350023698592314
2,2,2025-12-26,6,4.281572305623761
2,2,2025-12-27,3,4.65054027634018
2,2,2025-12-28,4,4.74844067179425
2,2,2025-12-29,3,4.38776140644227
2,2,2025-12-30,4,4.476159273241471
2,2,2025-12-31,3,4.544725005051145
2,3,2025-12-02,3,3.2747923700815806
2,3,2025-12-03,4,3.26750180186038
2,3,2025-12-04,0,3.277939248297747
2,3,2025-12-05,3,3.2883557982524643
2,3,2025-12-06,3,3.611322350854607
2,3,2025-12-07,4,3.5173048623919128
2,3,2025-12-08,3,3.4855109932211863
2,3,2025-12-09,3,3.4803474905586262
2,3,2025-12-10,3,3.4730569223376064
2,3,2025-12-11,3,3.4834943687745694
2,3,2025-12-12,3,3.493910918729634
2,3,2025-12-13,4,3.8168774713316456
2,3,2025-12-14,4,3.7228599828689264
2,3,2025-12-15,3,3.6910661136984664
2,3,2025-12-16,3,3.6859026110357993
2,3,2025-12-17,3,3.6786120428148967
2,3,2025-12-18,3,3.6890494892516563
2,3,2025-12-19,3,3.699466039206802
2,3,2025-12-20,4,4.022432591808845
2,3,2025-12-21,0,3.9284151033464796
2,3,2025-12-22,3,3.8966212341757482
2,3,2025-12-23,3,3.8914577315125576
2,3,2025-12-24,6,3.884167163291431
2,3,2025-12-25,5,3.894604609728745
2,3,2025-12-26,5,3.905021159683218
2,3,2025-12-27,4,4.227987712285964
2,3,2025-12-28,3,4.133970223823244
2,3,2025-12-29,4,4.10217635465266
2,3,2025-12-30,3,4.097012851989731
2,3,2025-12-31,0,4.0897222837687215
2,4,2025-12-02,4,5.809159824684518
2,4,2025-12-03,5,5.876098222750052
2,4,2025-12-04,5,5.806572641149865
2,4,2025-12-05,6,5.92489685049158
2,4,2025-12-06,6,6.564918070763563
2,4,2025-12-07,5,6.515638855373872
2,4,2025-12-08,5,5.944413225641953
2,4,2025-12-09,6,6.0577212144921
2,4,2025-12-10,5,6.124659612558634
2,4,2025-12-11,5,6.0551340309582296
2,4,2025-12-12,5,6.173458240300369
2,4,2025-12-13,6,6.813479460571661
2,4,2025-12-14,6,6.764200245181913
2,4,2025-12-15,5,6.1929746154502485
2,4,2025-12-16,3,6.306282604300639
2,4,2025-12-17,4,6.373221002366882
2,4,2025-12-18,5,6.303695420766382
2,4,2025-12-19,4,6.422019630109157
2,4,2025-12-20,7,7.062040850380584
2,4,2025-12-21,7,7.012761634992041
2,4,2025-12-22,5,6.441536005258544
2,4,2025-12-23,5,6.554843994109028
2,4,2025-12-24,9,6.621782392175201
2,4,2025-12-25,8,6.5522568105745345
2,4,2025-12-26,7,6.670581019915849
2,4,2025-12-27,6,7.310602240189095
2,4,2025-12-28,7,7.261323024799686
2,4,2025-12-29,4,6.690097395066538
2,4,2025-12-30,4,6.803405383917563
2,4,2025-12-31,5,6.870343781983448
2,5,2025-12-02,16,20.386769548624
2,5,2025-12-03,21,19.73947844857771
2,5,2025-12-04,15,20.07168718633945
2,5,2025-12-05,13,20.570825814016032
2,5,2025-12-06,20,22.030209185803503
2,5,2025-12-07,20,22.90329928138612
2,5,2025-12-08,18,20.225358233156207
2,5,2025-12-09,18,21.27221648374853
2,5,2025-12-10,21,20.624925383705225
2,5,2025-12-11,13,20.957134121468783
2,5,2025-12-12,14,21.456272749144468
2,5,2025-12-13,21,22.915656120925718
2,5,2025-12-14,17,23.788746216511946
2,5,2025-12-15,14,21.11080516828203
2,5,2025-12-16,21,22.157663418874765
2,5,2025-12-17,14,21.510372318828885
2,5,2025-12-18,16,21.842581056593765
2,5,2025-12-19,17,22.341719684272903
2,5,2025-12-20,23,23.801103056055968
2,5,2025-12-21,15,24.674193151643347
2,5,2025-12-22,18,21.996252103407848
2,5,2025-12-23,15,23.04311035400242
2,5,2025-12-24,31,22.395819253958948
2,5,2025-12-25,26,22.728027991718744
2,5,2025-12-26,34,23.227166619395124
2,5,2025-12-27,17,24.6865499911822
2,5,2025-12-28,14,25.559640086766585
2,5,2025-12-29,15,22.88169903853302
2,5,2025-12-30,16,23.92855728912865
2,5,2025-12-31,19,23.281266189082604
2,6,2025-12-02,2,5.140740646159538
2,6,2025-12-03,3,4.4929269204146784
2,6,2025-12-04,2,4.128534698419628
2,6,2025-12-05,2,4.701132916873783
2,6,2025-12-06,3,5.50277410341339
2,6,2025-12-07,4,6.4931944529258985
2,6,2025-12-08,3,4.090670652925927
2,6,2025-12-09,3,4.18906008083419
2,6,2025-12-10,3,3.5412463550912348
2,6,2025-12-11,2,3.1768541330973474
2,6,2025-12-12,3,3.7494523515506346
2,6,2025-12-13,2,4.551093538086996
2,6,2025-12-14,3,5.541513887600594
2,6,2025-12-15,3,3.138990087599454
2,6,2025-12-16,2,3.2373795155088523
2,6,2025-12-17,2,2.5895657897637627
2,6,2025-12-18,2,2.2251735677715114
2,6,2025-12-19,3,2.7977717862274947
2,6,2025-12-20,4,3.599412972764763
2,6,2025-12-21,3,4.589833322278799
2,6,2025-12-22,3,2.187309522272974
2,6,2025-12-23,2,2.2856989501858633
2,6,2025-12-24,5,1.6378852244428423
2,6,2025-12-25,5,1.273493002445683
2,6,2025-12-26,4,1.8460912208991143
2,6,2025-12-27,3,2.6477324074404462
2,6,2025-12-28,3,3.638152756952877
2,6,2025-12-29,3,1.2356289569474668
2,6,2025-12-30,3,1.3340183848605258
2,6,2025-12-31,2,0.6862046591153699
2,7,2025-12-02,1,2.2157346488040988
2,7,2025-12-03,1,2.205904385968873
2,7,2025-12-04,1,2.0643282191239942
2,7,2025-12-05,1,1.9018996216897617
2,7,2025-12-06,1,2.3859060321088466
2,7,2025-12-07,1,2.6201755379715626
2,7,2025-12-08,1,1.6662123585022846
2,7,2025-12-09,1,1.863870322905816
2,7,2025-12-10,1,1.8540400600717941
2,7,2025-12-11,1,1.7124638932274214
2,7,2025-12-12,1,1.5500352957932109
2,7,2025-12-13,1,2.034041706210985
2,7,2025-12-14,1,2.268311212074283
2,7,2025-12-15,1,1.314348032604963
2,7,2025-12-16,1,1.5120059970089033
2,7,2025-12-17,1,1.5021757341741562
2,7,2025-12-18,1,1.3605995673298044
2,7,2025-12-19,1,1.1981709698966625
2,7,2025-12-20,1,1.6821773803150795
2,7,2025-12-21,0,1.9164468861788515
2,7,2025-12-22,1,0.9624837067076393
2,7,2025-12-23,1,1.1601416711123143
2,7,2025-12-24,1,1.1503114082780368
2,7,2025-12-25,2,1.00873524143219
2,7,2025-12-26,0,0.8463066439985533
2,7,2025-12-27,1,1.3303130544181947
2,7,2025-12-28,1,1.564582560280936
2,7,2025-12-29,1,0.6106193808101442
2,7,2025-12-30,1,0.8082773452154014
2,7,2025-12-31,1,0.7984470823803963
2,8,2025-12-02,2,5.763061039456258
2,8,2025-12-03,2,5.049687071654204
2,8,2025-12-04,3,4.381515045094643
2,8,2025-12-05,2,5.136267862374032
2,8,2025-12-06,3,5.807282016380908
2,8,2025-12-07,3,6.102806446568707
2,8,2025-12-08,3,3.888107360295595
2,8,2025-12-09,2,5.037287509324091
2,8,2025-12-10,2,4.32391354152765
2,8,2025-12-11,2,3.6557415149677017
2,8,2025-12-12,2,4.410494332246372
2,8,2025-12-13,3,5.081508486248822
2,8,2025-12-14,3,5.377032916438332
2,8,2025-12-15,3,3.162333830165129
2,8,2025-12-16,2,4.3115139791944355
2,8,2025-12-17,1,3.5981400113949444
2,8,2025-12-18,2,2.9299679848369578
2,8,2025-12-19,2,3.68472080211871
2,8,2025-12-20,3,4.355734956121582
2,8,2025-12-21,3,4.651259386313447
2,8,2025-12-22,2,2.4365603000346576
2,8,2025-12-23,3,3.585740449067088
2,8,2025-12-24,4,2.8723664812690166
2,8,2025-12-25,4,2.2041944547062187
2,8,2025-12-26,4,2.958947271984778
2,8,2025-12-27,3,3.629961425991914
2,8,2025-12-28,3,3.925485856182155
2,8,2025-12-29,2,1.710786769904968
2,8,2025-12-30,2,2.859966918937432
2,8,2025-12-31,2,2.1465929511363107
2,9,2025-12-02,12,19.535102530728455
2,9,2025-12-03,17,20.21928351073348
2,9,2025-12-04,20,19.685271559158878
2,9,2025-12-05,16,20.19342060109994
2,9,2025-12-06,17,22.994312491259635
2,9,2025-12-07,17,23.231623896019148
2,9,2025-12-08,17,19.050283431327927
2,9,2025-12-09,15,19.527389156945542
2,9,2025-12-10,17,20.21157013695571
2,9,2025-12-11,15,19.67755818538264
2,9,2025-12-12,18,20.185707227324887
2,9,2025-12-13,21,22.986599117480836
2,9,2025-12-14,17,23.223910522239727
2,9,2025-12-15,15,19.0425700575486
2,9,2025-12-16,15,19.519675783168825
2,9,2025-12-17,15,20.203856763176585
2,9,2025-12-18,14,19.669844811603586
2,9,2025-12-19,13,20.17799385354983
2,9,2025-12-20,20,22.978885743706794
2,9,2025-12-21,20,23.216197148472197
2,9,2025-12-22,17,19.034856683769274
2,9,2025-12-23,15,19.51196240939325
2,9,2025-12-24,32,20.196143389401854
2,9,2025-12-25,26,19.662131437824527
2,9,2025-12-26,29,20.17028047976448
2,9,2025-12-27,15,22.971172369930372
2,9,2025-12-28,17,23.208483774691373
2,9,2025-12-29,15,19.0271433099898
2,9,2025-12-30,15,19.50424903561653
2,9,2025-12-31,13,20.18843001562273
2,10,2025-12-02,1,2.2179559456707203
2,10,2025-12-03,0,2.2006498952686124
2,10,2025-12-04,2,2.158939057899681
2,10,2025-12-05,1,2.2423856785248937
2,10,2025-12-06,2,2.409270944029491
2,10,2025-12-07,2,2.4718581001388076
2,10,2025-12-08,2,2.179832306367322
2,10,2025-12-09,1,2.225964125872471
2,10,2025-12-10,2,2.2086580754707414
2,10,2025-12-11,1,2.1669472381018817
2,10,2025-12-12,2,2.250393858727092
2,10,2025-12-13,2,2.4172791242313263
2,10,2025-12-14,1,2.4798662803406857
2,10,2025-12-15,2,2.18784048656915
2,10,2025-12-16,1,2.233972306074457
2,10,2025-12-17,1,2.2166662556724894
2,10,2025-12-18,1,2.174955418303756
2,10,2025-12-19,1,2.2584020389292903
2,10,2025-12-20,2,2.425287304433593
2,10,2025-12-21,2,2.4878744605432743
2,10,2025-12-22,1,2.195848666770978
2,10,2025-12-23,2,2.2419804862766344
2,10,2025-12-24,3,2.2246744358748116
2,10,2025-12-25,3,2.18296359850563
2,10,2025-12-26,3,2.2664102191307016
2,10,2025-12-27,2,2.4332954846356443
2,10,2025-12-28,2,2.495882640745064
2,10,2025-12-29,1,2.2038568469728634
2,10,2025-12-30,2,2.24998866647862
2,10,2025-12-31,2,2.2326826160765596
2,11,2025-12-02,7,3.8552931058469753
2,11,2025-12-03,7,3.6047054102912934
2,11,2025-12-04,6,3.941943715880586
2,11,2025-12-05,7,4.09153892484722
2,11,2025-12-06,6,5.472483631410281
2,11,2025-12-07,10,6.03986602539828
2,11,2025-12-08,5,3.6865072309010305
2,11,2025-12-09,7,3.584628643059701
2,11,2025-12-10,6,3.334040947504011
2,11,2025-12-11,7,3.671279253095566
2,11,2025-12-12,7,3.820874462062042
2,11,2025-12-13,10,5.201819168621661
2,11,2025-12-14,7,5.7692015626112205
2,11,2025-12-15,8,3.415842768113698
2,11,2025-12-16,8,3.313964180273063
2,11,2025-12-17,5,3.0633764847163896
2,11,2025-12-18,7,3.400614790308227
2,11,2025-12-19,9,3.550209999276863
2,11,2025-12-20,7,4.9311547058378835
2,11,2025-12-21,10,5.498537099828611
2,11,2025-12-22,7,3.1451783053263664
2,11,2025-12-23,7,3.0432997174869003
2,11,2025-12-24,12,2.7927120219318677
2,11,2025-12-25,13,3.1299503275208878
2,11,2025-12-26,11,3.279545536486906
2,11,2025-12-27,8,4.660490243051685
2,11,2025-12-28,9,5.227872637039822
2,11,2025-12-29,7,2.874513842538338
2,11,2025-12-30,8,2.7726352547002646
2,11,2025-12-31,7,2.522047559144246
3,1,2025-12-02,5,4.775705652631588
3,1,2025-12-03,5,4.593593632845067
3,1,2025-12-04,5,4.660220065673564
3,1,2025-12-05,4,4.789104977408612
3,1,2025-12-06,6,5.29198893720601
3,1,2025-12-07,5,5.358148399862541
3,1,2025-12-08,4,4.966815121581235
3,1,2025-12-09,4,5.070907640026391
3,1,2025-12-10,5,4.888795620240328
3,1,2025-12-11,5,4.955422053068637
3,1,2025-12-12,5,5.084306964803837
3,1,2025-12-13,5,5.587190924600179
3,1,2025-12-14,5,5.653350387257256
3,1,2025-12-15,5,5.2620171089761545
3,1,2025-12-16,5,5.36610962742121
3,1,2025-12-17,5,5.183997607634899
3,1,2025-12-18,5,5.250624040463297
3,1,2025-12-19,5,5.379508952199062
3,1,2025-12-20,5,5.882392911995681
3,1,2025-12-21,6,5.9485523746530955
3,1,2025-12-22,5,5.5572190963710755
3,1,2025-12-23,4,5.661311614815877
3,1,2025-12-24,9,5.47919959502976
3,1,2025-12-25,6,5.545826027857956
3,1,2025-12-26,10,5.674710939592595
3,1,2025-12-27,4,6.177594899390515
3,1,2025-12-28,5,6.243754362047207
3,1,2025-12-29,5,5.852421083765579
3,1,2025-12-30,4,5.956513602210696
3,1,2025-12-31,5,5.774401582424328
3,2,2025-12-02,3,2.9404572790700985
3,2,2025-12-03,2,2.851299592544203
3,2,2025-12-04,3,2.9200181244279517
3,2,2025-12-05,3,2.8637843296292873
3,2,2025-12-06,4,3.2658838426369807
3,2,2025-12-07,4,3.230231339323895
3,2,2025-12-08,3,2.9652478020283666
3,2,2025-12-09,3,3.115629272136159
3,2,2025-12-10,3,3.026471585610747
3,2,2025-12-11,3,3.095190117494363
3,2,2025-12-12,3,3.038956322695917
3,2,2025-12-13,3,3.441055835702717
3,2,2025-12-14,4,3.4054033323902178
3,2,2025-12-15,3,3.1404197950950388
3,2,2025-12-16,2,3.290801265202668
3,2,2025-12-17,2,3.201643578677119
3,2,2025-12-18,3,3.270362110560586
3,2,2025-12-19,3,3.214128315762545
3,2,2025-12-20,3,3.616227828769665
3,2,2025-12-21,4,3.5805753254574677
3,2,2025-12-22,3,3.315591788161711
3,2,2025-12-23,3,3.4659732582688045
3,2,2025-12-24,5,3.376815571743286
3,2,2025-12-25,5,3.4455341036268092
3,2,2025-12-26,6,3.3893003088281546
3,2,2025-12-27,3,3.791399821836008
3,2,2025-12-28,4,3.755747318523139
3,2,2025-12-29,3,3.490763781227815
3,2,2025-12-30,2,3.6411452513353133
3,2,2025-12-31,3,3.551987564809658
3,3,2025-12-02,3,2.5757020971078215
3,3,2025-12-03,3,2.635661297373702
3,3,2025-12-04,3,2.6620103426378456
3,3,2025-12-05,3,2.8964278202597677
3,3,2025-12-06,4,3.06842270838468
3,3,2025-12-07,3,3.094532370028987
3,3,2025-12-08,3,2.8291088802846565
3,3,2025-12-09,3,2.742287925020306
3,3,2025-12-10,2,2.802247125286113
3,3,2025-12-11,2,2.8285961705504734
3,3,2025-12-12,3,3.063013648172416
3,3,2025-12-13,3,3.235008536297303
3,3,2025-12-14,3,3.2611181979412738
3,3,2025-12-15,3,2.995694708196805
3,3,2025-12-16,3,2.9088737529327116
3,3,2025-12-17,2,2.968832953198455
3,3,2025-12-18,3,2.9951819984629693
3,3,2025-12-19,3,3.2295994760850655
3,3,2025-12-20,3,3.4015943642098194
3,3,2025-12-21,4,3.427704025854398
3,3,2025-12-22,3,3.1622805361089514
3,3,2025-12-23,3,3.0754595808453367
3,3,2025-12-24,4,3.135418781111189
3,3,2025-12-25,4,3.161767826375467
3,3,2025-12-26,4,3.396185303996784
3,3,2025-12-27,3,3.568180192122388
3,3,2025-12-28,3,3.5942898537668246
3,3,2025-12-29,3,3.3288663640212994
3,3,2025-12-30,0,3.242045408757744
3,3,2025-12-31,3,3.302004609023531
3,4,2025-12-02,5,4.8664418820960185
3,4,2025-12-03,4,4.926921508316574
3,4,2025-12-04,5,5.016176653572775
3,4,2025-12-05,5,5.0638032739375864
3,4,2025-12-06,5,5.381877030781647
3,4,2025-12-07,4,5.470620404495543
3,4,2025-12-08,4,4.976563137471108
3,4,2025-12-09,4,5.062428608557677
3,4,2025-12-10,5,5.122908234778489
3,4,2025-12-11,4,5.212163380035217
3,4,2025-12-12,5,5.2597900004000255
3,4,2025-12-13,5,5.577863757243356
3,4,2025-12-14,5,5.666607130957533
3,4,2025-12-15,4,5.172549863933112
3,4,2025-12-16,4,5.25841533501989
3,4,2025-12-17,4,5.318894961240444
3,4,2025-12-18,5,5.408150106497182
3,4,2025-12-19,4,5.455776726862464
3,4,2025-12-20,4,5.7738504837060605
3,4,2025-12-21,6,5.862593857420772
3,4,2025-12-22,5,5.368536590395117
3,4,2025-12-23,4,5.454402061482201
3,4,2025-12-24,9,5.514881687703032
3,4,2025-12-25,7,5.604136832959147
3,4,2025-12-26,8,5.651763453323907
3,4,2025-12-27,5,5.969837210168266
3,4,2025-12-28,4,6.058580583882405
3,4,2025-12-29,5,5.564523316856976
3,4,2025-12-30,5,5.650388787944416
3,4,2025-12-31,4,5.710868414164988
3,5,2025-12-02,14,16.760154117033963
3,5,2025-12-03,12,16.49907292159481
3,5,2025-12-04,14,16.22113864232759
3,5,2025-12-05,14,17.070407827413835
3,5,2025-12-06,17,18.295117859028785
3,5,2025-12-07,17,18.182358065993313
3,5,2025-12-08,13,16.963006759844472
3,5,2025-12-09,0,17.450015652178656
3,5,2025-12-10,13,17.188934456742682
3,5,2025-12-11,14,16.911000177474204
3,5,2025-12-12,16,17.760269362560962
3,5,2025-12-13,15,18.984979394173756
3,5,2025-12-14,16,18.872219601138365
3,5,2025-12-15,16,17.65286829498997
3,5,2025-12-16,13,18.13987718732456
3,5,2025-12-17,14,17.878795991887362
3,5,2025-12-18,15,17.60086171261966
3,5,2025-12-19,18,18.450130897708103
3,5,2025-12-20,18,19.674840929320716
3,5,2025-12-21,18,19.562081136288207
3,5,2025-12-22,15,18.342729830135468
3,5,2025-12-23,13,18.82973872247092
3,5,2025-12-24,25,18.568657527033828
3,5,2025-12-25,25,18.290723247765126
3,5,2025-12-26,26,19.13999243284931
3,5,2025-12-27,17,20.364702464466678
3,5,2025-12-28,17,20.251942671432673
3,5,2025-12-29,14,19.032591365280894
3,5,2025-12-30,15,19.51960025761683
3,5,2025-12-31,12,19.258519062178515
3,6,2025-12-02,2,5.741983377119074
3,6,2025-12-03,2,5.087810333028111
3,6,2025-12-04,2,4.69653519123163
3,6,2025-12-05,2,4.513714080671437
3,6,2025-12-06,3,5.1855237436721975
3,6,2025-12-07,3,6.400482963032747
3,6,2025-12-08,2,4.030963298231185
3,6,2025-12-09,2,5.0320542537815856
3,6,2025-12-10,2,4.377881209694483
3,6,2025-12-11,3,3.986606067899283
3,6,2025-12-12,2,3.8037849573379146
3,6,2025-12-13,3,4.475594620333793
3,6,2025-12-14,3,5.690553839697467
3,6,2025-12-15,3,3.3210341748952277
3,6,2025-12-16,2,4.322125130446343
3,6,2025-12-17,2,3.6679520863563093
3,6,2025-12-18,2,3.2766769445624275
3,6,2025-12-19,3,3.0938558340043927
3,6,2025-12-20,3,3.765665497002243
3,6,2025-12-21,3,4.980624716365124
3,6,2025-12-22,2,2.6111050515592704
3,6,2025-12-23,2,3.6121960071132935
3,6,2025-12-24,4,2.9580229630255723
3,6,2025-12-25,4,2.566747821225572
3,6,2025-12-26,3,2.38392671066742
3,6,2025-12-27,2,3.055736373667266
3,6,2025-12-28,2,4.27069559302807
3,6,2025-12-29,2,1.9011759282235454
3,6,2025-12-30,2,2.9022668837780508
3,6,2025-12-31,0,2.248093839687399
3,7,2025-12-02,1,1.8786768601447204
3,7,2025-12-03,1,1.666567887094324
3,7,2025-12-04,1,1.5536282110553405
3,7,2025-12-05,1,1.7323537874858417
3,7,2025-12-06,1,1.9944123996958516
3,7,2025-12-07,1,2.2152649282390295
3,7,2025-12-08,1,1.5614267914470994
3,7,2025-12-09,1,1.5717656645125926
3,7,2025-12-10,1,1.3596566914627606
3,7,2025-12-11,1,1.2467170154239493
3,7,2025-12-12,1,1.4254425918542826
3,7,2025-12-13,1,1.6875012040633859
3,7,2025-12-14,1,1.9083537326068392
3,7,2025-12-15,1,1.2545155958146519
3,7,2025-12-16,1,1.2648544688804138
3,7,2025-12-17,1,1.0527454958300257
3,7,2025-12-18,1,0.9398058197916569
3,7,2025-12-19,1,1.118531396222725
3,7,2025-12-20,1,1.3805900084320368
3,7,2025-12-21,1,1.6014425369757088
3,7,2025-12-22,1,0.947604400182202
3,7,2025-12-23,1,0.9579432732487991
3,7,2025-12-24,2,0.7458343001989186
3,7,2025-12-25,2,0.632894624159366
3,7,2025-12-26,2,0.8116202005895211
3,7,2025-12-27,1,1.0736788128001313
3,7,2025-12-28,1,1.294531341343325
3,7,2025-12-29,1,0.6406932045499603
3,7,2025-12-30,1,0.6510320776166183
3,7,2025-12-31,1,0.43892310456618194
3,8,2025-12-02,2,3.96219597853005
3,8,2025-12-03,1,3.328021478906396
3,8,2025-12-04,2,3.5495047050262234
3,8,2025-12-05,2,3.374949915973682
3,8,2025-12-06,2,4.138372655085798
3,8,2025-12-07,3,4.5274888677744345
3,8,2025-12-08,2,2.624555981905565
3,8,2025-12-09,2,3.2855853525468954
3,8,2025-12-10,2,2.651410852925018
3,8,2025-12-11,2,2.8728940790464477
3,8,2025-12-12,2,2.698339289993241
3,8,2025-12-13,2,3.461762029100651
3,8,2025-12-14,3,3.8508782417925413
3,8,2025-12-15,2,1.9479453559239444
3,8,2025-12-16,2,2.608974726565231
3,8,2025-12-17,2,1.9748002269417126
3,8,2025-12-18,2,2.1962834530637094
3,8,2025-12-19,2,2.0217286640127994
3,8,2025-12-20,2,2.78515140312186
3,8,2025-12-21,2,3.1742676158139913
3,8,2025-12-22,2,1.2713347299423192
3,8,2025-12-23,2,1.9323641005840868
3,8,2025-12-24,4,1.2981896009622687
3,8,2025-12-25,2,1.5196728270809707
3,8,2025-12-26,3,1.3451180380290704
3,8,2025-12-27,2,2.1085407771398907
3,8,2025-12-28,2,2.497656989829775
3,8,2025-12-29,2,0.5947241039596981
3,8,2025-12-30,2,1.2557534746024264
3,8,2025-12-31,2,0.621578974978963
3,9,2025-12-02,12,16.87428866115854
3,9,2025-12-03,10,16.706227221057055
3,9,2025-12-04,11,16.500815668447807
3,9,2025-12-05,12,16.337121373818306
3,9,2025-12-06,15,18.843121851539614
3,9,2025-12-07,13,19.201011785243544
3,9,2025-12-08,12,15.304213408955844
3,9,2025-12-09,11,16.82665634174433
3,9,2025-12-10,13,16.658594901649334
3,9,2025-12-11,11,16.45318334904143
3,9,2025-12-12,12,16.289489054412314
3,9,2025-12-13,13,18.795489532126375
3,9,2025-12-14,15,19.15337946583378
3,9,2025-12-15,12,15.256581089547117
3,9,2025-12-16,14,16.77902402233665
3,9,2025-12-17,14,16.61096258223841
3,9,2025-12-18,13,16.40555102963074
3,9,2025-12-19,12,16.241856735006323
3,9,2025-12-20,16,18.747857212722792
3,9,2025-12-21,16,19.1057471464342
3,9,2025-12-22,13,15.208948770138399
3,9,2025-12-23,16,16.731391702929532
3,9,2025-12-24,23,16.563330262832917
3,9,2025-12-25,25,16.357918710220044
3,9,2025-12-26,22,16.194224415591567
3,9,2025-12-27,16,18.700224893314378
3,9,2025-12-28,14,19.05811482702082
3,9,2025-12-29,12,15.161316450727977
3,9,2025-12-30,14,16.683759383521853
3,9,2025-12-31,14,16.515697943421994
3,10,2025-12-02,1,1.932850956195425
3,10,2025-12-03,1,1.7539791405942244
3,10,2025-12-04,1,1.7728169345825824
3,10,2025-12-05,1,1.937459878437916
3,10,2025-12-06,2,1.9562977655379175
3,10,2025-12-07,1,2.0584741703715053
3,10,2025-12-08,2,1.7649068166091548
3,10,2025-12-09,1,1.9281734839449982
3,10,2025-12-10,1,1.749301668344249
3,10,2025-12-11,1,1.768139462332797
3,10,2025-12-12,1,1.932782406187831
3,10,2025-12-13,1,1.9516202932869802
3,10,2025-12-14,1,2.0537966981210842
3,10,2025-12-15,1,1.7602293443586545
3,10,2025-12-16,1,1.923496011694522
3,10,2025-12-17,2,1.7446241960933344
3,10,2025-12-18,1,1.7634619900822943
3,10,2025-12-19,2,1.9281049339377458
3,10,2025-12-20,2,1.946942821037003
3,10,2025-12-21,2,2.0491192258711806
3,10,2025-12-22,1,1.7555518721081542
3,10,2025-12-23,1,1.9188185394444606
3,10,2025-12-24,3,1.7399467238436768
3,10,2025-12-25,2,1.7587845178317913
3,10,2025-12-26,3,1.9234274616869094
3,10,2025-12-27,2,1.942265348786546
3,10,2025-12-28,2,2.044441753620559
3,10,2025-12-29,1,1.7508743998577732
3,10,2025-12-30,1,1.9141410671939842
3,10,2025-12-31,1,1.735269251592762
3,11,2025-12-02,6,3.9828282159749624
3,11,2025-12-03,6,3.232333042011346
3,11,2025-12-04,7,2.99177135094208
3,11,2025-12-05,6,3.188939102489603
3,11,2025-12-06,7,4.720693501455461
3,11,2025-12-07,5,5.126815300111955
3,11,2025-12-08,8,3.3857758338443835
3,11,2025-12-09,5,3.770985977413782
3,11,2025-12-10,6,3.0204908034528515
3,11,2025-12-11,6,2.7799291123828036
3,11,2025-12-12,6,2.977096863930675
3,11,2025-12-13,0,4.508851262892821
3,11,2025-12-14,9,4.914973061551143
3,11,2025-12-15,6,3.173933595283906
3,11,2025-12-16,7,3.559143738853323
3,11,2025-12-17,6,2.808648564890939
3,11,2025-12-18,7,2.5680868738214397
3,11,2025-12-19,6,2.7652546253717474
3,11,2025-12-20,8,4.297009024335031
3,11,2025-12-21,8,4.703130822994117
3,11,2025-12-22,7,2.962091356723429
3,11,2025-12-23,6,3.3473015002930406
3,11,2025-12-24,10,2.596806326331539
3,11,2025-12-25,11,2.3562446352600768
3,11,2025-12-26,9,2.553412386807026
3,11,2025-12-27,9,4.085166785774817
3,11,2025-12-28,7,4.491288584431438
3,11,2025-12-29,6,2.7502491181620146
3,11,2025-12-30,6,3.1354592617325814
3,11,2025-12-31,5,2.3849640877696263
4,1,2025-12-02,4,5.222437542625129
4,1,2025-12-03,5,5.296612256494211
4,1,2025-12-04,5,5.0980346409232915
4,1,2025-12-05,5,5.190901553430174
4,1,2025-12-06,7,6.0542568168810815
4,1,2025-12-07,6,6.1883676552486815
4,1,2025-12-08,6,5.280837852688232
4,1,2025-12-09,5,5.543952262054374
4,1,2025-12-10,5,5.6181269759252634
4,1,2025-12-11,5,5.419549360354081
4,1,2025-12-12,6,5.512416272861405
4,1,2025-12-13,7,6.37577153631116
4,1,2025-12-14,6,6.5098823746788534
4,1,2025-12-15,5,5.602352572118582
4,1,2025-12-16,6,5.865466981485166
4,1,2025-12-17,5,5.939641695355363
4,1,2025-12-18,5,5.741064079784168
4,1,2025-12-19,5,5.833930992292635
4,1,2025-12-20,5,6.69728625574276
4,1,2025-12-21,6,6.831397094111751
4,1,2025-12-22,4,5.923867291548927
4,1,2025-12-23,6,6.186981700916074
4,1,2025-12-24,11,6.261156414786365
4,1,2025-12-25,8,6.062578799214257
4,1,2025-12-26,7,6.155445711721077
4,1,2025-12-27,6,7.018800975173599
4,1,2025-12-28,6,7.15291181354136
4,1,2025-12-29,6,6.245382010979028
4,1,2025-12-30,5,6.508496420346869
4,1,2025-12-31,5,6.582671134216464
4,2,2025-12-02,4,3.458274543977002
4,2,2025-12-03,3,3.4259861571059624
4,2,2025-12-04,3,3.4390579455407835
4,2,2025-12-05,3,3.4312553387802223
4,2,2025-12-06,4,3.881787524035483
4,2,2025-12-07,3,3.8112123279217585
4,2,2025-12-08,3,3.615314394694063
4,2,2025-12-09,3,3.6788674860483006
4,2,2025-12-10,3,3.6465790991777
4,2,2025-12-11,3,3.6596508876121567
4,2,2025-12-12,3,3.6518482808519663
4,2,2025-12-13,4,4.102380466106729
4,2,2025-12-14,3,4.031805269993194
4,2,2025-12-15,3,3.835907336765829
4,2,2025-12-16,3,3.8994604281199687
4,2,2025-12-17,3,3.867172041249352
4,2,2025-12-18,3,3.880243829683607
4,2,2025-12-19,3,3.8724412229237104
4,2,2025-12-20,4,4.322973408178641
4,2,2025-12-21,3,4.252398212065574
4,2,2025-12-22,3,4.056500278837596
4,2,2025-12-23,3,4.12005337019121
4,2,2025-12-24,5,4.087764983320448
4,2,2025-12-25,6,4.100836771755055
4,2,2025-12-26,6,4.093034164994311
4,2,2025-12-27,5,4.543566350250219
4,2,2025-12-28,3,4.472991154136553
4,2,2025-12-29,4,4.277093220908872
4,2,2025-12-30,3,4.340646312262877
4,2,2025-12-31,3,4.308357925392102
4,3,2025-12-02,3,2.9501135403926586
4,3,2025-12-03,3,2.812851483735162
4,3,2025-12-04,3,3.0080592531164814
4,3,2025-12-05,3,3.0574306739640886
4,3,2025-12-06,4,3.1484692138457606
4,3,2025-12-07,3,3.4267315513181877
4,3,2025-12-08,3,3.1422579116748395
4,3,2025-12-09,3,3.1276265791241546
4,3,2025-12-10,3,2.990364522466127
4,3,2025-12-11,3,3.185572291848127
4,3,2025-12-12,4,3.2349437126954013
4,3,2025-12-13,4,3.3259822525763107
4,3,2025-12-14,3,3.6042445900493845
4,3,2025-12-15,3,3.319770950405817
4,3,2025-12-16,3,3.305139617855114
4,3,2025-12-17,3,3.167877561196917
4,3,2025-12-18,3,3.3630853305791275
4,3,2025-12-19,3,3.412456751426714
4,3,2025-12-20,4,3.5034952913079893
4,3,2025-12-21,4,3.781757628780546
4,3,2025-12-22,3,3.4972839891367924
4,3,2025-12-23,4,3.482652656586314
4,3,2025-12-24,5,3.3453905999286904
4,3,2025-12-25,5,3.5405983693101284
4,3,2025-12-26,5,3.5899697901577614
4,3,2025-12-27,4,3.681008330039103
4,3,2025-12-28,3,3.959270667511398
4,3,2025-12-29,3,3.6747970278677107
4,3,2025-12-30,2,3.6601656953172754
4,3,2025-12-31,3,3.52290363865948
4,4,2025-12-02,4,5.307152283381301
4,4,2025-12-03,5,5.158472168708792
4,4,2025-12-04,4,5.334467459154121
4,4,2025-12-05,4,5.5937645247524985
4,4,2025-12-06,6,5.873727763140472
4,4,2025-12-07,6,5.7991332170065775
4,4,2025-12-08,5,5.412136322938213
4,4,2025-12-09,4,5.510645171083947
4,4,2025-12-10,5,5.361965056411601
4,4,2025-12-11,5,5.537960346857187
4,4,2025-12-12,5,5.797257412455502
4,4,2025-12-13,6,6.07722065084243
4,4,2025-12-14,6,6.00262610470904
4,4,2025-12-15,6,5.615629210640861
4,4,2025-12-16,5,5.714138058786538
4,4,2025-12-17,0,5.565457944113975
4,4,2025-12-18,5,5.741453234559803
4,4,2025-12-19,5,6.000750300158507
4,4,2025-12-20,6,6.280713538545498
4,4,2025-12-21,6,6.206118992412829
4,4,2025-12-22,5,5.819122098343508
4,4,2025-12-23,4,5.917630946489137
4,4,2025-12-24,8,5.768950831816858
4,4,2025-12-25,7,5.944946122262417
4,4,2025-12-26,8,6.204243187860003
4,4,2025-12-27,6,6.484206426248014
4,4,2025-12-28,6,6.4096118801148485
4,4,2025-12-29,5,6.022614986045914
4,4,2025-12-30,5,6.121123834191728
4,4,2025-12-31,5,5.972443719519231
4,5,2025-12-02,16,20.407452232042587
4,5,2025-12-03,15,20.177384221890723
4,5,2025-12-04,19,20.24061986171629
4,5,2025-12-05,18,20.678669479579952
4,5,2025-12-06,16,22.28296092421847
4,5,2025-12-07,14,22.969030902151424
4,5,2025-12-08,18,20.883683605030043
4,5,2025-12-09,14,21.32774115905946
4,5,2025-12-10,18,21.09767314890972
4,5,2025-12-11,15,21.160908788736045
4,5,2025-12-12,18,21.59895840659973
4,5,2025-12-13,20,23.203249851234666
4,5,2025-12-14,18,23.889319829169043
4,5,2025-12-15,15,21.80397253204757
4,5,2025-12-16,18,22.248030086077655
4,5,2025-12-17,15,22.017962075926345
4,5,2025-12-18,19,22.081197715753277
4,5,2025-12-19,15,22.519247333619507
4,5,2025-12-20,20,24.1235387782556
4,5,2025-12-21,18,24.809608756191444
4,5,2025-12-22,16,22.72426145906509
4,5,2025-12-23,15,23.168319013096614
4,5,2025-12-24,27,22.938251002946615
4,5,2025-12-25,19,23.001486642770516
4,5,2025-12-26,25,23.43953626063361
4,5,2025-12-27,18,25.043827705274165
4,5,2025-12-28,19,25.729897683207504
4,5,2025-12-29,19,23.644550386082173
4,5,2025-12-30,15,24.088607940114816
4,5,2025-12-31,19,23.858539929963236
4,6,2025-12-02,3,4.905468518465096
4,6,2025-12-03,3,5.629209990874013
4,6,2025-12-04,3,4.905680703743985
4,6,2025-12-05,3,5.165791605456165
4,6,2025-12-06,3,6.346784561044174
4,6,2025-12-07,3,6.650132127658815
4,6,2025-12-08,3,4.589321485721019
4,6,2025-12-09,3,4.099474763602972
4,6,2025-12-10,3,4.823216236013571
4,6,2025-12-11,3,4.099686948884265
4,6,2025-12-12,3,4.359797850597289
4,6,2025-12-13,3,5.540790806186001
4,6,2025-12-14,3,5.844138372797975
4,6,2025-12-15,3,3.7833277308592974
4,6,2025-12-16,3,3.2934810087434547
4,6,2025-12-17,3,4.017222481153279
4,6,2025-12-18,3,3.2936931940239074
4,6,2025-12-19,3,3.553804095738413
4,6,2025-12-20,3,4.734797051327048
4,6,2025-12-21,3,5.038144617942258
4,6,2025-12-22,3,2.97733397599757
4,6,2025-12-23,3,2.487487253885132
4,6,2025-12-24,5,3.21122872629502
4,6,2025-12-25,5,2.4876994391635447
4,6,2025-12-26,4,2.747810340875071
4,6,2025-12-27,3,3.9288032964684825
4,6,2025-12-28,3,4.232150863082258
4,6,2025-12-29,3,2.1713402211369743
4,6,2025-12-30,2,1.6814934990256147
4,6,2025-12-31,2,2.4052349714347327
4,7,2025-12-02,1,2.382492077883274
4,7,2025-12-03,1,2.272474036581733
4,7,2025-12-04,1,2.030376989791773
4,7,2025-12-05,1,2.3712339990317672
4,7,2025-12-06,1,2.7953723062794786
4,7,2025-12-07,1,2.7202712093535775
4,7,2025-12-08,1,1.8127483453823787
4,7,2025-12-09,1,2.0584350194360757
4,7,2025-12-10,1,1.948416978136364
4,7,2025-12-11,1,1.7063199313462767
4,7,2025-12-12,1,2.0471769405863203
4,7,2025-12-13,1,2.4713152478328246
4,7,2025-12-14,1,2.396214150906963
4,7,2025-12-15,1,1.4886912869358282
4,7,2025-12-16,1,1.7343779609899839
4,7,2025-12-17,1,1.6243599196894136
4,7,2025-12-18,1,1.3822628728998314
4,7,2025-12-19,1,1.723119882140876
4,7,2025-12-20,1,2.1472581893873297
4,7,2025-12-21,1,2.0721570924631214
4,7,2025-12-22,1,1.1646342284892752
4,7,2025-12-23,1,1.4103209025444914
4,7,2025-12-24,2,1.3003028612441803
4,7,2025-12-25,2,1.0582058144533866
4,7,2025-12-26,1,1.3990628236925808
4,7,2025-12-27,1,1.8232011309412541
4,7,2025-12-28,1,1.7481000340163082
4,7,2025-12-29,1,0.8405771700429447
4,7,2025-12-30,1,1.0862638440984014
4,7,2025-12-31,1,0.9762458027972297
4,8,2025-12-02,2,4.70156218786075
4,8,2025-12-03,3,4.500662324135619
4,8,2025-12-04,2,5.046287920266901
4,8,2025-12-05,2,4.7798232714610265
4,8,2025-12-06,3,6.0334504507769955
4,8,2025-12-07,2,6.475978945739683
4,8,2025-12-08,2,3.71269132332156
4,8,2025-12-09,2,3.981673065553655
4,8,2025-12-10,2,3.780773201828931
4,8,2025-12-11,1,4.3263987979636935
4,8,2025-12-12,3,4.0599341491573435
4,8,2025-12-13,2,5.313561328468506
4,8,2025-12-14,2,5.756089823434073
4,8,2025-12-15,3,2.992802201016046
4,8,2025-12-16,2,3.261783943248737
4,8,2025-12-17,3,3.060884079522684
4,8,2025-12-18,2,3.6065096756574944
4,8,2025-12-19,3,3.3400450268536557
4,8,2025-12-20,3,4.593672206166849
4,8,2025-12-21,3,5.03620070113375
4,8,2025-12-22,3,2.2729130787105274
4,8,2025-12-23,2,2.5418948209441465
4,8,2025-12-24,4,2.3409949572201203
4,8,2025-12-25,4,2.88662055335129
4,8,2025-12-26,4,2.620155904545878
4,8,2025-12-27,2,3.8737830838617717
4,8,2025-12-28,3,4.316311578825552
4,8,2025-12-29,2,1.5530239564037487
4,8,2025-12-30,3,1.8220056986392283
4,8,2025-12-31,2,1.6211058349138778
4,9,2025-12-02,13,17.71671574642279
4,9,2025-12-03,16,17.05330717768857
4,9,2025-12-04,15,17.183505465766792
4,9,2025-12-05,12,16.667594275268545
4,9,2025-12-06,17,20.237000079042787
4,9,2025-12-07,16,17.845437362306463
4,9,2025-12-08,12,15.662635577656417
4,9,2025-12-09,13,17.51801431461441
4,9,2025-12-10,18,16.854605745888
4,9,2025-12-11,17,16.984804033962835
4,9,2025-12-12,11,16.468892843467916
4,9,2025-12-13,17,20.038298647234292
4,9,2025-12-14,17,17.64673593050233
4,9,2025-12-15,14,15.463934145857571
4,9,2025-12-16,0,17.31931288281372
4,9,2025-12-17,16,16.655904314086268
4,9,2025-12-18,16,16.786102602159097
4,9,2025-12-19,17,16.270191411667295
4,9,2025-12-20,18,19.839597215435173
4,9,2025-12-21,18,17.44803449871073
4,9,2025-12-22,14,15.265232714058728
4,9,2025-12-23,12,17.120611451008077
4,9,2025-12-24,20,16.457202882278803
4,9,2025-12-25,23,16.587401170355353
4,9,2025-12-26,25,16.071489979855524
4,9,2025-12-27,14,19.640895783631365
4,9,2025-12-28,15,17.24933306690064
4,9,2025-12-29,14,15.066531282253825
4,9,2025-12-30,16,16.921910019207385
4,9,2025-12-31,15,16.258501450477073
4,10,2025-12-02,2,2.107474088730944
4,10,2025-12-03,2,2.135211261670505
4,10,2025-12-04,2,2.2597934248938687
4,10,2025-12-05,2,2.196641733653385
4,10,2025-12-06,2,2.3838019018002465
4,10,2025-12-07,2,2.550108956337594
4,10,2025-12-08,2,2.069777893296826
4,10,2025-12-09,1,2.113243665656802
4,10,2025-12-10,2,2.1409808385962843
4,10,2025-12-11,2,2.2655630018204618
4,10,2025-12-12,0,2.20241131057982
4,10,2025-12-13,2,2.389571478725929
4,10,2025-12-14,2,2.5558785332637535
4,10,2025-12-15,2,2.0755474702228924
4,10,2025-12-16,1,2.1190132425830446
4,10,2025-12-17,2,2.1467504155222907
4,10,2025-12-18,2,2.27133257874647
4,10,2025-12-19,2,2.2081808875062547
4,10,2025-12-20,2,2.395341055652765
4,10,2025-12-21,2,2.561648110190673
4,10,2025-12-22,1,2.081317047148959
4,10,2025-12-23,2,2.1247828195094396
4,10,2025-12-24,3,2.152519992449117
4,10,2025-12-25,3,2.277102155672478
4,10,2025-12-26,3,2.2139504644322465
4,10,2025-12-27,2,2.4011106325790244
4,10,2025-12-28,1,2.5674176871164374
4,10,2025-12-29,2,2.087086624074891
4,10,2025-12-30,2,2.1305523964356823
4,10,2025-12-31,1,2.1582895693751234
4,11,2025-12-02,6,3.912690178145535
4,11,2025-12-03,9,3.8848984473341397
4,11,2025-12-04,8,3.259636054957367
4,11,2025-12-05,7,3.634429156888936
4,11,2025-12-06,9,4.280283371125227
4,11,2025-12-07,8,5.322274069765943
4,11,2025-12-08,8,3.4057920570722833
4,11,2025-12-09,6,3.5921475967327914
4,11,2025-12-10,6,3.564355865923889
4,11,2025-12-11,8,2.9390934735478713
4,11,2025-12-12,6,3.313886575478918
4,11,2025-12-13,8,3.9597407897137344
4,11,2025-12-14,8,5.001731488354215
4,11,2025-12-15,8,3.085249475659237
4,11,2025-12-16,7,3.271605015321328
4,11,2025-12-17,7,3.243813284510475
4,11,2025-12-18,7,2.6185508921356253
4,11,2025-12-19,6,2.9933439940689017
4,11,2025-12-20,8,3.639198208304311
4,11,2025-12-21,9,4.681188906945371
4,11,2025-12-22,7,2.7647068942461877
4,11,2025-12-23,8,2.95106243391226
4,11,2025-12-24,13,2.9232707031027774
4,11,2025-12-25,13,2.298008310723376
4,11,2025-12-26,12,2.6728014126552724
4,11,2025-12-27,8,3.318655626893851
4,11,2025-12-28,10,4.36064632553388
4,11,2025-12-29,8,2.4441643128346024
4,11,2025-12-30,7,2.6305198525007936
4,11,2025-12-31,9,2.6027281216893607
5,1,2025-12-02,4,4.963022216295294
5,1,2025-12-03,4,4.841448052994663
5,1,2025-12-04,5,4.99554233299308
5,1,2025-12-05,6,5.170305389590998
5,1,2025-12-06,5,5.864322379326441
5,1,2025-12-07,6,5.872545020394738
5,1,2025-12-08,4,5.153377463327026
5,1,2025-12-09,5,5.28165033706681
5,1,2025-12-10,5,5.160076173766704
5,1,2025-12-11,4,5.314170453765346
5,1,2025-12-12,5,5.4889335103634584
5,1,2025-12-13,6,6.1829505000974105
5,1,2025-12-14,4,6.191173141166367
5,1,2025-12-15,6,5.4720055840989525
5,1,2025-12-16,5,5.6002784578387645
5,1,2025-12-17,5,5.478704294538326
5,1,2025-12-18,5,5.632798574537017
5,1,2025-12-19,4,5.807561631135916
5,1,2025-12-20,6,6.501578620870239
5,1,2025-12-21,6,6.509801261940154
5,1,2025-12-22,5,5.790633704870878
5,1,2025-12-23,5,5.918906578610532
5,1,2025-12-24,9,5.797332415310402
5,1,2025-12-25,10,5.951426695308688
5,1,2025-12-26,8,6.126189751905977
5,1,2025-12-27,5,6.820206741642137
5,1,2025-12-28,5,6.828429382710954
5,1,2025-12-29,5,6.109261825642239
5,1,2025-12-30,5,6.237534699382487
5,1,2025-12-31,4,6.115960536082024
5,2,2025-12-02,4,3.1021960376652746
5,2,2025-12-03,0,3.2186897173329494
5,2,2025-12-04,0,3.1246015945380896
5,2,2025-12-05,3,3.280321537411003
5,2,2025-12-06,3,3.4568591219930576
5,2,2025-12-07,4,3.6331407436387533
5,2,2025-12-08,3,3.3094748694773615
5,2,2025-12-09,4,3.3000036551551286
5,2,2025-12-10,3,3.4164973348231507
5,2,2025-12-11,3,3.3224092120284463
5,2,2025-12-12,3,3.4781291549013527
5,2,2025-12-13,4,3.654666739483439
5,2,2025-12-14,0,3.8309483611287445
5,2,2025-12-15,4,3.50728248696708
5,2,2025-12-16,4,3.497811272645252
5,2,2025-12-17,3,3.614304952313014
5,2,2025-12-18,3,3.520216829518479
5,2,2025-12-19,3,3.675936772391704
5,2,2025-12-20,4,3.8524743569737634
5,2,2025-12-21,4,4.028755978619468
5,2,2025-12-22,3,3.705090104456798
5,2,2025-12-23,3,3.69561889013581
5,2,2025-12-24,5,3.8121125698037184
5,2,2025-12-25,5,3.7180244470085104
5,2,2025-12-26,6,3.8737443898812827
5,2,2025-12-27,3,4.0502819744641165
5,2,2025-12-28,4,4.226563596109676
5,2,2025-12-29,3,3.9028977219468772
5,2,2025-12-30,3,3.893426507625934
5,2,2025-12-31,2,4.009920187293582
5,3,2025-12-02,3,2.969363405271017
5,3,2025-12-03,3,2.9200176774437754
5,3,2025-12-04,3,3.032803946043932
5,3,2025-12-05,3,3.0830595102105343
5,3,2025-12-06,3,3.3833702399814922
5,3,2025-12-07,3,3.3917051385320995
5,3,2025-12-08,3,3.1080379664830167
5,3,2025-12-09,3,3.1572155249297555
5,3,2025-12-10,2,3.107869797102592
5,3,2025-12-11,2,3.220656065702922
5,3,2025-12-12,3,3.2709116298696
5,3,2025-12-13,3,3.5712223596398873
5,3,2025-12-14,3,3.5795572581908592
5,3,2025-12-15,3,3.295890086141925
5,3,2025-12-16,2,3.3450676445886316
5,3,2025-12-17,2,3.295721916761377
5,3,2025-12-18,3,3.4085081853616828
5,3,2025-12-19,3,3.458763749528666
5,3,2025-12-20,3,3.759074479299156
5,3,2025-12-21,2,3.7674093778504556
5,3,2025-12-22,3,3.4837422058008336
5,3,2025-12-23,3,3.5329197642473567
5,3,2025-12-24,4,3.4835740364202494
5,3,2025-12-25,5,3.596360305020444
5,3,2025-12-26,5,3.6466158691868222
5,3,2025-12-27,3,3.9469265989579876
5,3,2025-12-28,4,3.9552614975087983
5,3,2025-12-29,3,3.671594325459427
5,3,2025-12-30,3,3.7207718839062323
5,3,2025-12-31,3,3.6714261560790344
5,4,2025-12-02,5,5.453360148456818
5,4,2025-12-03,3,5.528032964844681
5,4,2025-12-04,5,5.436316359435344
5,4,2025-12-05,5,5.635201473532072
5,4,2025-12-06,6,5.896267923526148
5,4,2025-12-07,5,6.094625012105125
5,4,2025-12-08,0,5.670084626476042
5,4,2025-12-09,5,5.691353871685709
5,4,2025-12-10,5,5.7660266880740645
5,4,2025-12-11,4,5.674310082664863
5,4,2025-12-12,5,5.873195196761582
5,4,2025-12-13,5,6.134261646755453
5,4,2025-12-14,5,6.332618735334147
5,4,2025-12-15,5,5.908078349704806
5,4,2025-12-16,5,5.929347594914885
5,4,2025-12-17,5,6.004020411302886
5,4,2025-12-18,4,5.912303805893915
5,4,2025-12-19,5,6.111188919991093
5,4,2025-12-20,5,6.372255369984981
5,4,2025-12-21,6,6.570612458564162
5,4,2025-12-22,5,6.1460720729335705
5,4,2025-12-23,4,6.167341318144529
5,4,2025-12-24,7,6.242014134532745
5,4,2025-12-25,8,6.150297529122968
5,4,2025-12-26,8,6.349182643219458
5,4,2025-12-27,6,6.6102490932143985
5,4,2025-12-28,5,6.808606181793304
5,4,2025-12-29,5,6.3840657961626635
5,4,2025-12-30,4,6.405335041373703
5,4,2025-12-31,4,6.480007857761566
5,5,2025-12-02,11,17.515518759123083
5,5,2025-12-03,18,17.436686993467973
5,5,2025-12-04,11,17.812981392821897
5,5,2025-12-05,13,17.960409063049568
5,5,2025-12-06,17,19.81321023811291
5,5,2025-12-07,19,19.584287204396563
5,5,2025-12-08,10,18.335702523186903
5,5,2025-12-09,15,18.263462759333827
5,5,2025-12-10,0,18.184630993679015
5,5,2025-12-11,17,18.5609253930329
5,5,2025-12-12,14,18.70835306326178
5,5,2025-12-13,17,20.56115423832287
5,5,2025-12-14,16,20.33223120460728
5,5,2025-12-15,15,19.08364652339863
5,5,2025-12-16,13,19.011406759545434
5,5,2025-12-17,14,18.932574993890743
5,5,2025-12-18,16,19.308869393243913
5,5,2025-12-19,16,19.456297063473986
5,5,2025-12-20,19,21.309098238535814
5,5,2025-12-21,18,21.08017520482249
5,5,2025-12-22,17,19.83159052361036
5,5,2025-12-23,17,19.759350759755524
5,5,2025-12-24,21,19.68051899410078
5,5,2025-12-25,23,20.056813393454924
5,5,2025-12-26,25,20.204241063681142
5,5,2025-12-27,18,22.057042238747265
5,5,2025-12-28,16,21.828119205031335
5,5,2025-12-29,17,20.57953452382021
5,5,2025-12-30,19,20.507294759967127
5,5,2025-12-31,16,20.42846299431251
5,6,2025-12-02,3,4.576016454767093
5,6,2025-12-03,2,4.521885871607679
5,6,2025-12-04,3,4.004989443011729
5,6,2025-12-05,2,4.675286007722981
5,6,2025-12-06,3,5.22060021907375
5,6,2025-12-07,3,6.266956378239227
5,6,2025-12-08,3,3.648194227853868
5,6,2025-12-09,3,3.706871931478268
5,6,2025-12-10,2,3.6527413483209745
5,6,2025-12-11,3,3.135844919727062
5,6,2025-12-12,2,3.8061414844373167
5,6,2025-12-13,3,4.351455695786015
5,6,2025-12-14,3,5.39781185495125
5,6,2025-12-15,2,2.7790497045641973
5,6,2025-12-16,3,2.8377274081906525
5,6,2025-12-17,2,2.783596825031075
5,6,2025-12-18,3,2.266700396438832
5,6,2025-12-19,2,2.9369969611516518
5,6,2025-12-20,4,3.482311172500861
5,6,2025-12-21,2,4.528667331667546
5,6,2025-12-22,2,1.9099051812745262
5,6,2025-12-23,2,1.9685828849061902
5,6,2025-12-24,4,1.9144523017486303
5,6,2025-12-25,4,1.3975558731506017
5,6,2025-12-26,4,2.067852437861365
5,6,2025-12-27,2,2.6131666492144165
5,6,2025-12-28,3,3.6595228083799376
5,6,2025-12-29,2,1.0407606579868098
5,6,2025-12-30,2,1.099438361618575
5,6,2025-12-31,2,1.0453077784587304
5,7,2025-12-02,1,2.0839289212983365
5,7,2025-12-03,0,1.7841750015080189
5,7,2025-12-04,1,2.0246491433790226
5,7,2025-12-05,1,2.1187350248591903
5,7,2025-12-06,1,2.359168569719521
5,7,2025-12-07,1,2.53739130479738
5,7,2025-12-08,1,1.5451944771495574
5,7,2025-12-09,1,1.7656007923542778
5,7,2025-12-10,1,1.465846872564243
5,7,2025-12-11,1,1.7063210144365482
5,7,2025-12-12,1,1.800406895916161
5,7,2025-12-13,1,2.040840440774227
5,7,2025-12-14,1,2.2190631758535764
5,7,2025-12-15,1,1.2268663482057165
5,7,2025-12-16,1,1.4472726634105155
5,7,2025-12-17,1,1.1475187436197336
5,7,2025-12-18,1,1.387992885492514
5,7,2025-12-19,1,1.4820787669731315
5,7,2025-12-20,1,1.7225123118318506
5,7,2025-12-21,1,1.9007350469115085
5,7,2025-12-22,1,0.9085382192618753
5,7,2025-12-23,0,1.128944534467239
5,7,2025-12-24,2,0.8291906146774944
5,7,2025-12-25,2,1.0696647565484803
5,7,2025-12-26,2,1.1637506380284777
5,7,2025-12-27,1,1.4041841828880153
5,7,2025-12-28,1,1.5824069179667513
5,7,2025-12-29,1,0.590210090317775
5,7,2025-12-30,1,0.8106164055234765
5,7,2025-12-31,0,0.5108624857329849
5,8,2025-12-02,2,4.713709080903961
5,8,2025-12-03,2,4.410297162927608
5,8,2025-12-04,2,3.2954243891813015
5,8,2025-12-05,2,4.076650940478135
5,8,2025-12-06,3,5.107912368823276
5,8,2025-12-07,3,4.952694260928723
5,8,2025-12-08,2,3.3396576714402197
5,8,2025-12-09,3,4.033517879318521
5,8,2025-12-10,3,3.730105961348004
5,8,2025-12-11,2,2.615233187599362
5,8,2025-12-12,2,3.396459738896802
5,8,2025-12-13,2,4.4277211672401044
5,8,2025-12-14,2,4.272503059344831
5,8,2025-12-15,2,2.659466469856522
5,8,2025-12-16,2,3.3533266777358506
5,8,2025-12-17,2,3.0499147597631895
5,8,2025-12-18,2,1.9350419860157486
5,8,2025-12-19,2,2.7162685373154685
5,8,2025-12-20,2,3.7475299656582934
5,8,2025-12-21,2,3.5923118577665627
5,8,2025-12-22,2,1.9792752682728239
5,8,2025-12-23,3,2.673135476154587
5,8,2025-12-24,4,2.3697235581818017
5,8,2025-12-25,4,1.2548507844321348
5,8,2025-12-26,4,2.036077335727404
5,8,2025-12-27,3,3.0673387640758016
5,8,2025-12-28,3,2.9121206561827506
5,8,2025-12-29,2,1.2990840666899524
5,8,2025-12-30,2,1.9929442745719157
5,8,2025-12-31,2,1.689532356596993
5,9,2025-12-02,13,18.29740592171373
5,9,2025-12-03,14,18.313740167719992
5,9,2025-12-04,14,18.286525721225793
5,9,2025-12-05,13,18.946820463160158
5,9,2025-12-06,14,20.648797636327476
5,9,2025-12-07,12,20.913323795083496
5,9,2025-12-08,15,18.219513352782393
5,9,2025-12-09,14,18.344228196146805
5,9,2025-12-10,15,18.360562442155107
5,9,2025-12-11,13,18.333347995662297
5,9,2025-12-12,13,18.993642737596947
5,9,2025-12-13,16,20.695619910761135
5,9,2025-12-14,17,20.960146069517446
5,9,2025-12-15,13,18.266335627216215
5,9,2025-12-16,15,18.39105047058195
5,9,2025-12-17,12,18.407384716588783
5,9,2025-12-18,14,18.380170270096553
5,9,2025-12-19,14,19.04046501203373
5,9,2025-12-20,18,20.742442185198577
5,9,2025-12-21,16,21.00696834395844
5,9,2025-12-22,17,18.313157901650033
5,9,2025-12-23,12,18.437872745018
5,9,2025-12-24,24,18.454206991025973
5,9,2025-12-25,24,18.426992544530805
5,9,2025-12-26,25,19.087287286463425
5,9,2025-12-27,14,20.78926445963413
5,9,2025-12-28,19,21.05379061839128
5,9,2025-12-29,14,18.359980176083745
5,9,2025-12-30,12,18.484695019453145
5,9,2025-12-31,14,18.501029265459646
5,10,2025-12-02,1,2.0480206960409215
5,10,2025-12-03,2,2.013705030849197
5,10,2025-12-04,1,2.075142733306853
5,10,2025-12-05,1,2.0949330342291597
5,10,2025-12-06,2,2.114723399664608
5,10,2025-12-07,2,2.4260569829142407
5,10,2025-12-08,2,1.8627969186440236
5,10,2025-12-09,2,2.050155574880272
5,10,2025-12-10,2,2.015839909688883
5,10,2025-12-11,2,2.0772776121474754
5,10,2025-12-12,2,2.0970679130693015
5,10,2025-12-13,2,2.116858278503732
5,10,2025-12-14,1,2.428191861754029
5,10,2025-12-15,2,1.8649317974835078
5,10,2025-12-16,2,2.052290453720039
5,10,2025-12-17,2,2.01797478852805
5,10,2025-12-18,2,2.0794124909869898
5,10,2025-12-19,1,2.099202791909444
5,10,2025-12-20,2,2.1189931573442866
5,10,2025-12-21,2,2.4303267405944675
5,10,2025-12-22,1,1.8670666763229922
5,10,2025-12-23,2,2.054425332560473
5,10,2025-12-24,2,2.020109667369188
5,10,2025-12-25,3,2.0815473698265037
5,10,2025-12-26,3,2.1013376707492095
5,10,2025-12-27,1,2.1211280361841265
5,10,2025-12-28,2,2.432461619433979
5,10,2025-12-29,1,1.8692015551626928
5,10,2025-12-30,2,2.0565602114002406
5,10,2025-12-31,1,2.0222445462083556
5,11,2025-12-02,6,2.794542901260737
5,11,2025-12-03,6,3.1845045633621827
5,11,2025-12-04,7,2.9123191118365277
5,11,2025-12-05,6,2.8278871947929014
5,11,2025-12-06,5,4.433367800442348
5,11,2025-12-07,9,4.641530360416253
5,11,2025-12-08,8,3.368835700586175
5,11,2025-12-09,6,2.48808489110971
5,11,2025-12-10,6,2.8780465532106465
5,11,2025-12-11,6,2.605861101684916
5,11,2025-12-12,6,2.5214291846427663
5,11,2025-12-13,8,4.126909790292961
5,11,2025-12-14,8,4.335072350265024
5,11,2025-12-15,6,3.062377690434724
5,11,2025-12-16,6,2.181626880959265
5,11,2025-12-17,7,2.5715885430606784
5,11,2025-12-18,7,2.299403091534008
5,11,2025-12-19,7,2.214971174492634
5,11,2025-12-20,7,3.8204517801431956
5,11,2025-12-21,9,4.02861434011686
5,11,2025-12-22,5,2.755919680283276
5,11,2025-12-23,7,1.875168870808141
5,11,2025-12-24,9,2.265130532909179
5,11,2025-12-25,10,1.9929450813830996
5,11,2025-12-26,13,1.908513164338732
5,11,2025-12-27,8,3.5139937699936183
5,11,2025-12-28,7,3.7221563299654816
5,11,2025-12-29,6,2.4494616701313623
5,11,2025-12-30,7,1.5687108606576956
5,11,2025-12-31,7,1.958672522759211
