store_id,product_option_id,date,actual,predicted,abs_error,sq_error
1,1,2025-12-02,1,3.7142857142857144,2.7142857142857144,7.367346938775511
1,1,2025-12-03,1,3.5714285714285716,2.5714285714285716,6.612244897959185
1,1,2025-12-04,1,3.4285714285714284,2.4285714285714284,5.897959183673469
1,1,2025-12-05,1,3.142857142857143,2.142857142857143,4.591836734693877
1,1,2025-12-06,1,2.5714285714285716,1.5714285714285716,2.4693877551020416
1,1,2025-12-07,1,1.8571428571428572,0.8571428571428572,0.7346938775510206
1,1,2025-12-08,1,1.0,0.0,0.0
1,1,2025-12-09,1,1.0,0.0,0.0
1,1,2025-12-10,1,1.0,0.0,0.0
1,1,2025-12-11,1,1.0,0.0,0.0
1,1,2025-12-12,1,1.0,0.0,0.0
1,1,2025-12-13,1,1.0,0.0,0.0
1,1,2025-12-14,1,1.0,0.0,0.0
1,1,2025-12-15,1,1.0,0.0,0.0
1,1,2025-12-16,1,1.0,0.0,0.0
1,1,2025-12-17,1,1.0,0.0,0.0
1,1,2025-12-18,1,1.0,0.0,0.0
1,1,2025-12-19,1,1.0,0.0,0.0
1,1,2025-12-20,1,1.0,0.0,0.0
1,1,2025-12-21,1,1.0,0.0,0.0
1,1,2025-12-22,1,1.0,0.0,0.0
1,1,2025-12-23,1,1.0,0.0,0.0
1,1,2025-12-24,2,1.0,1.0,1.0
1,1,2025-12-25,2,1.1428571428571428,0.8571428571428572,0.7346938775510206
1,1,2025-12-26,2,1.2857142857142858,0.7142857142857142,0.510204081632653
1,1,2025-12-27,1,1.4285714285714286,0.4285714285714286,0.18367346938775514
1,1,2025-12-28,1,1.4285714285714286,0.4285714285714286,0.18367346938775514
1,1,2025-12-29,1,1.4285714285714286,0.4285714285714286,0.18367346938775514
1,1,2025-12-30,1,1.4285714285714286,0.4285714285714286,0.18367346938775514
1,1,2025-12-31,1,1.4285714285714286,0.4285714285714286,0.18367346938775514
1,2,2025-12-02,1,2.7142857142857144,1.7142857142857144,2.9387755102040822
1,2,2025-12-03,1,2.7142857142857144,1.7142857142857144,2.9387755102040822
1,2,2025-12-04,1,2.5714285714285716,1.5714285714285716,2.4693877551020416
1,2,2025-12-05,1,2.4285714285714284,1.4285714285714284,2.040816326530612
1,2,2025-12-06,1,2.0,1.0,1.0
1,2,2025-12-07,1,1.5714285714285714,0.5714285714285714,0.32653061224489793
1,2,2025-12-08,1,1.0,0.0,0.0
1,2,2025-12-09,1,1.0,0.0,0.0
1,2,2025-12-10,1,1.0,0.0,0.0
1,2,2025-12-11,1,1.0,0.0,0.0
1,2,2025-12-12,1,1.0,0.0,0.0
1,2,2025-12-13,1,1.0,0.0,0.0
1,2,2025-12-14,1,1.0,0.0,0.0
1,2,2025-12-15,1,1.0,0.0,0.0
1,2,2025-12-16,1,1.0,0.0,0.0
1,2,2025-12-17,1,1.0,0.0,0.0
1,2,2025-12-18,1,1.0,0.0,0.0
1,2,2025-12-19,1,1.0,0.0,0.0
1,2,2025-12-20,1,1.0,0.0,0.0
1,2,2025-12-21,1,1.0,0.0,0.0
1,2,2025-12-22,1,1.0,0.0,0.0
1,2,2025-12-23,1,1.0,0.0,0.0
1,2,2025-12-24,1,1.0,0.0,0.0
1,2,2025-12-25,1,1.0,0.0,0.0
1,2,2025-12-26,1,1.0,0.0,0.0
1,2,2025-12-27,1,1.0,0.0,0.0
1,2,2025-12-28,1,1.0,0.0,0.0
1,2,2025-12-29,1,1.0,0.0,0.0
1,2,2025-12-30,1,1.0,0.0,0.0
1,2,2025-12-31,1,1.0,0.0,0.0
1,3,2025-12-02,13,39.285714285714285,26.285714285714285,690.938775510204
1,3,2025-12-03,13,38.285714285714285,25.285714285714285,639.3673469387754
1,3,2025-12-04,14,36.42857142857143,22.42857142857143,503.0408163265307
1,3,2025-12-05,18,35.285714285714285,17.285714285714285,298.7959183673469
1,3,2025-12-06,17,31.0,14.0,196.0
1,3,2025-12-07,17,24.285714285714285,7.285714285714285,53.08163265306121
1,3,2025-12-08,16,15.285714285714286,0.7142857142857135,0.510204081632652
1,3,2025-12-09,14,15.428571428571429,1.4285714285714288,2.040816326530613
1,3,2025-12-10,14,15.571428571428571,1.5714285714285712,2.4693877551020402
1,3,2025-12-11,14,15.714285714285714,1.7142857142857135,2.938775510204079
1,3,2025-12-12,14,15.714285714285714,1.7142857142857135,2.938775510204079
1,3,2025-12-13,16,15.142857142857142,0.8571428571428577,0.7346938775510212
1,3,2025-12-14,18,15.0,3.0,9.0
1,3,2025-12-15,14,15.142857142857142,1.1428571428571423,1.3061224489795906
1,3,2025-12-16,15,14.857142857142858,0.14285714285714235,0.02040816326530598
1,3,2025-12-17,14,15.0,1.0,1.0
1,3,2025-12-18,14,15.0,1.0,1.0
1,3,2025-12-19,11,15.0,4.0,16.0
1,3,2025-12-20,18,14.571428571428571,3.428571428571429,11.755102040816329
1,3,2025-12-21,17,14.857142857142858,2.1428571428571423,4.591836734693875
1,3,2025-12-22,16,14.714285714285714,1.2857142857142865,1.653061224489798
1,3,2025-12-23,9,15.0,6.0,36.0
1,3,2025-12-24,30,14.142857142857142,15.857142857142858,251.44897959183675
1,3,2025-12-25,24,16.428571428571427,7.571428571428573,57.32653061224492
1,3,2025-12-26,27,17.857142857142858,9.142857142857142,83.59183673469387
1,3,2025-12-27,14,20.142857142857142,6.142857142857142,37.73469387755102
1,3,2025-12-28,17,19.571428571428573,2.571428571428573,6.612244897959192
1,3,2025-12-29,12,19.571428571428573,7.571428571428573,57.32653061224492
1,3,2025-12-30,13,19.0,6.0,36.0
1,3,2025-12-31,17,19.571428571428573,2.571428571428573,6.612244897959192
1,4,2025-12-02,1,1.8571428571428572,0.8571428571428572,0.7346938775510206
1,4,2025-12-03,1,1.8571428571428572,0.8571428571428572,0.7346938775510206
1,4,2025-12-04,1,1.8571428571428572,0.8571428571428572,0.7346938775510206
1,4,2025-12-05,2,1.8571428571428572,0.1428571428571428,0.020408163265306103
1,4,2025-12-06,2,1.7142857142857142,0.2857142857142858,0.08163265306122454
1,4,2025-12-07,2,1.5714285714285714,0.4285714285714286,0.18367346938775514
1,4,2025-12-08,2,1.4285714285714286,0.5714285714285714,0.32653061224489793
1,4,2025-12-09,1,1.5714285714285714,0.5714285714285714,0.32653061224489793
1,4,2025-12-10,2,1.5714285714285714,0.4285714285714286,0.18367346938775514
1,4,2025-12-11,1,1.7142857142857142,0.7142857142857142,0.510204081632653
1,4,2025-12-12,1,1.7142857142857142,0.7142857142857142,0.510204081632653
1,4,2025-12-13,2,1.5714285714285714,0.4285714285714286,0.18367346938775514
1,4,2025-12-14,2,1.5714285714285714,0.4285714285714286,0.18367346938775514
1,4,2025-12-15,2,1.5714285714285714,0.4285714285714286,0.18367346938775514
1,4,2025-12-16,1,1.5714285714285714,0.5714285714285714,0.32653061224489793
1,4,2025-12-17,1,1.5714285714285714,0.5714285714285714,0.32653061224489793
1,4,2025-12-18,1,1.4285714285714286,0.4285714285714286,0.18367346938775514
1,4,2025-12-19,1,1.4285714285714286,0.4285714285714286,0.18367346938775514
1,4,2025-12-20,1,1.4285714285714286,0.4285714285714286,0.18367346938775514
1,4,2025-12-21,1,1.2857142857142858,0.2857142857142858,0.08163265306122454
1,4,2025-12-22,1,1.1428571428571428,0.1428571428571428,0.020408163265306103
1,4,2025-12-23,2,1.0,1.0,1.0
1,4,2025-12-24,2,1.1428571428571428,0.8571428571428572,0.7346938775510206
1,4,2025-12-25,2,1.2857142857142858,0.7142857142857142,0.510204081632653
1,4,2025-12-26,2,1.4285714285714286,0.5714285714285714,0.32653061224489793
1,4,2025-12-27,2,1.5714285714285714,0.4285714285714286,0.18367346938775514
1,4,2025-12-28,1,1.7142857142857142,0.7142857142857142,0.510204081632653
1,4,2025-12-29,1,1.7142857142857142,0.7142857142857142,0.510204081632653
1,4,2025-12-30,1,1.7142857142857142,0.7142857142857142,0.510204081632653
1,4,2025-12-31,1,1.5714285714285714,0.5714285714285714,0.32653061224489793
1,5,2025-12-02,4,6.0,2.0,4.0
1,5,2025-12-03,5,6.142857142857143,1.1428571428571432,1.3061224489795926
1,5,2025-12-04,5,6.428571428571429,1.4285714285714288,2.040816326530613
1,5,2025-12-05,5,6.714285714285714,1.7142857142857144,2.9387755102040822
1,5,2025-12-06,5,6.142857142857143,1.1428571428571432,1.3061224489795926
1,5,2025-12-07,5,5.285714285714286,0.2857142857142856,0.08163265306122441
1,5,2025-12-08,3,4.857142857142857,1.8571428571428568,3.4489795918367334
1,5,2025-12-09,4,4.571428571428571,0.5714285714285712,0.32653061224489766
1,5,2025-12-10,4,4.571428571428571,0.5714285714285712,0.32653061224489766
1,5,2025-12-11,4,4.428571428571429,0.4285714285714288,0.1836734693877553
1,5,2025-12-12,4,4.285714285714286,0.2857142857142856,0.08163265306122441
1,5,2025-12-13,5,4.142857142857143,0.8571428571428568,0.7346938775510198
1,5,2025-12-14,5,4.142857142857143,0.8571428571428568,0.7346938775510198
1,5,2025-12-15,4,4.142857142857143,0.14285714285714324,0.020408163265306232
1,5,2025-12-16,5,4.285714285714286,0.7142857142857144,0.5102040816326533
1,5,2025-12-17,5,4.428571428571429,0.5714285714285712,0.32653061224489766
1,5,2025-12-18,4,4.571428571428571,0.5714285714285712,0.32653061224489766
1,5,2025-12-19,5,4.571428571428571,0.4285714285714288,0.1836734693877553
1,5,2025-12-20,5,4.714285714285714,0.2857142857142856,0.08163265306122441
1,5,2025-12-21,5,4.714285714285714,0.2857142857142856,0.08163265306122441
1,5,2025-12-22,5,4.714285714285714,0.2857142857142856,0.08163265306122441
1,5,2025-12-23,5,4.857142857142857,0.14285714285714324,0.020408163265306232
1,5,2025-12-24,8,4.857142857142857,3.1428571428571432,9.877551020408166
1,5,2025-12-25,8,5.285714285714286,2.7142857142857144,7.367346938775511
1,5,2025-12-26,7,5.857142857142857,1.1428571428571432,1.3061224489795926
1,5,2025-12-27,5,6.142857142857143,1.1428571428571432,1.3061224489795926
1,5,2025-12-28,4,6.142857142857143,2.1428571428571432,4.591836734693879
1,5,2025-12-29,5,6.0,1.0,1.0
1,5,2025-12-30,4,6.0,2.0,4.0
1,5,2025-12-31,4,5.857142857142857,1.8571428571428568,3.4489795918367334
1,6,2025-12-02,3,3.857142857142857,0.8571428571428572,0.7346938775510206
1,6,2025-12-03,2,4.0,2.0,4.0
1,6,2025-12-04,3,4.0,1.0,1.0
1,6,2025-12-05,3,4.142857142857143,1.1428571428571432,1.3061224489795926
1,6,2025-12-06,3,3.7142857142857144,0.7142857142857144,0.5102040816326533
1,6,2025-12-07,3,3.2857142857142856,0.2857142857142856,0.08163265306122441
1,6,2025-12-08,3,2.7142857142857144,0.2857142857142856,0.08163265306122441
1,6,2025-12-09,3,2.857142857142857,0.1428571428571428,0.020408163265306103
1,6,2025-12-10,3,2.857142857142857,0.1428571428571428,0.020408163265306103
1,6,2025-12-11,2,3.0,1.0,1.0
1,6,2025-12-12,3,2.857142857142857,0.1428571428571428,0.020408163265306103
1,6,2025-12-13,3,2.857142857142857,0.1428571428571428,0.020408163265306103
1,6,2025-12-14,3,2.857142857142857,0.1428571428571428,0.020408163265306103
1,6,2025-12-15,3,2.857142857142857,0.1428571428571428,0.020408163265306103
1,6,2025-12-16,3,2.857142857142857,0.1428571428571428,0.020408163265306103
1,6,2025-12-17,2,2.857142857142857,0.8571428571428572,0.7346938775510206
1,6,2025-12-18,3,2.7142857142857144,0.2857142857142856,0.08163265306122441
1,6,2025-12-19,3,2.857142857142857,0.1428571428571428,0.020408163265306103
1,6,2025-12-20,3,2.857142857142857,0.1428571428571428,0.020408163265306103
1,6,2025-12-21,3,2.857142857142857,0.1428571428571428,0.020408163265306103
1,6,2025-12-22,3,2.857142857142857,0.1428571428571428,0.020408163265306103
1,6,2025-12-23,3,2.857142857142857,0.1428571428571428,0.020408163265306103
1,6,2025-12-24,5,2.857142857142857,2.142857142857143,4.591836734693877
1,6,2025-12-25,4,3.2857142857142856,0.7142857142857144,0.5102040816326533
1,6,2025-12-26,5,3.4285714285714284,1.5714285714285716,2.4693877551020416
1,6,2025-12-27,4,3.7142857142857144,0.2857142857142856,0.08163265306122441
1,6,2025-12-28,3,3.857142857142857,0.8571428571428572,0.7346938775510206
1,6,2025-12-29,3,3.857142857142857,0.8571428571428572,0.7346938775510206
1,6,2025-12-30,2,3.857142857142857,1.8571428571428572,3.4489795918367347
1,6,2025-12-31,2,3.7142857142857144,1.7142857142857144,2.9387755102040822
1,7,2025-12-02,9,18.428571428571427,9.428571428571427,88.89795918367344
1,7,2025-12-03,8,18.428571428571427,10.428571428571427,108.7551020408163
1,7,2025-12-04,9,18.142857142857142,9.142857142857142,83.59183673469387
1,7,2025-12-05,9,18.0,9.0,81.0
1,7,2025-12-06,14,15.0,1.0,1.0
1,7,2025-12-07,12,12.142857142857142,0.14285714285714235,0.02040816326530598
1,7,2025-12-08,8,10.142857142857142,2.1428571428571423,4.591836734693875
1,7,2025-12-09,9,9.857142857142858,0.8571428571428577,0.7346938775510212
1,7,2025-12-10,11,9.857142857142858,1.1428571428571423,1.3061224489795906
1,7,2025-12-11,12,10.285714285714286,1.7142857142857135,2.938775510204079
1,7,2025-12-12,8,10.714285714285714,2.7142857142857135,7.367346938775506
1,7,2025-12-13,9,10.571428571428571,1.5714285714285712,2.4693877551020402
1,7,2025-12-14,14,9.857142857142858,4.142857142857142,17.163265306122444
1,7,2025-12-15,10,10.142857142857142,0.14285714285714235,0.02040816326530598
1,7,2025-12-16,9,10.428571428571429,1.4285714285714288,2.040816326530613
1,7,2025-12-17,10,10.428571428571429,0.4285714285714288,0.1836734693877553
1,7,2025-12-18,7,10.285714285714286,3.2857142857142865,10.795918367346944
1,7,2025-12-19,10,9.571428571428571,0.4285714285714288,0.1836734693877553
1,7,2025-12-20,12,9.857142857142858,2.1428571428571423,4.591836734693875
1,7,2025-12-21,12,10.285714285714286,1.7142857142857135,2.938775510204079
1,7,2025-12-22,9,10.0,1.0,1.0
1,7,2025-12-23,10,9.857142857142858,0.14285714285714235,0.02040816326530598
1,7,2025-12-24,15,10.0,5.0,25.0
1,7,2025-12-25,17,10.714285714285714,6.2857142857142865,39.510204081632665
1,7,2025-12-26,15,12.142857142857142,2.8571428571428577,8.163265306122453
1,7,2025-12-27,11,12.857142857142858,1.8571428571428577,3.4489795918367365
1,7,2025-12-28,10,12.714285714285714,2.7142857142857135,7.367346938775506
1,7,2025-12-29,10,12.428571428571429,2.428571428571429,5.89795918367347
1,7,2025-12-30,11,12.571428571428571,1.5714285714285712,2.4693877551020402
1,7,2025-12-31,9,12.714285714285714,3.7142857142857135,13.795918367346934
1,8,2025-12-02,23,38.857142857142854,15.857142857142854,251.44897959183663
1,8,2025-12-03,20,39.0,19.0,361.0
1,8,2025-12-04,18,38.42857142857143,20.42857142857143,417.326530612245
1,8,2025-12-05,20,37.714285714285715,17.714285714285715,313.795918367347
1,8,2025-12-06,28,32.714285714285715,4.714285714285715,22.224489795918377
1,8,2025-12-07,23,27.857142857142858,4.857142857142858,23.59183673469388
1,8,2025-12-08,22,21.285714285714285,0.7142857142857153,0.5102040816326545
1,8,2025-12-09,19,22.0,3.0,9.0
1,8,2025-12-10,23,21.428571428571427,1.571428571428573,2.4693877551020456
1,8,2025-12-11,23,21.857142857142858,1.1428571428571423,1.3061224489795906
1,8,2025-12-12,26,22.571428571428573,3.428571428571427,11.755102040816316
1,8,2025-12-13,24,23.428571428571427,0.571428571428573,0.3265306122448997
1,8,2025-12-14,26,22.857142857142858,3.1428571428571423,9.877551020408161
1,8,2025-12-15,22,23.285714285714285,1.2857142857142847,1.6530612244897933
1,8,2025-12-16,25,23.285714285714285,1.7142857142857153,2.938775510204085
1,8,2025-12-17,19,24.142857142857142,5.142857142857142,26.44897959183673
1,8,2025-12-18,23,23.571428571428573,0.571428571428573,0.3265306122448997
1,8,2025-12-19,21,23.571428571428573,2.571428571428573,6.612244897959192
1,8,2025-12-20,0,22.857142857142858,22.857142857142858,522.4489795918367
1,8,2025-12-21,25,19.428571428571427,5.571428571428573,31.040816326530628
1,8,2025-12-22,22,19.285714285714285,2.7142857142857153,7.3673469387755155
1,8,2025-12-23,21,19.285714285714285,1.7142857142857153,2.938775510204085
1,8,2025-12-24,37,18.714285714285715,18.285714285714285,334.3673469387755
1,8,2025-12-25,43,21.285714285714285,21.714285714285715,471.5102040816327
1,8,2025-12-26,40,24.142857142857142,15.857142857142858,251.44897959183675
1,8,2025-12-27,27,26.857142857142858,0.14285714285714235,0.02040816326530598
1,8,2025-12-28,23,30.714285714285715,7.714285714285715,59.51020408163267
1,8,2025-12-29,19,30.428571428571427,11.428571428571427,130.61224489795916
1,8,2025-12-30,24,30.0,6.0,36.0
1,8,2025-12-31,24,30.428571428571427,6.428571428571427,41.32653061224488
1,9,2025-12-02,14,25.142857142857142,11.142857142857142,124.16326530612244
1,9,2025-12-03,13,24.857142857142858,11.857142857142858,140.59183673469389
1,9,2025-12-04,16,24.571428571428573,8.571428571428573,73.46938775510206
1,9,2025-12-05,16,24.428571428571427,8.428571428571427,71.04081632653059
1,9,2025-12-06,15,22.285714285714285,7.285714285714285,53.08163265306121
1,9,2025-12-07,20,18.857142857142858,1.1428571428571423,1.3061224489795906
1,9,2025-12-08,17,15.714285714285714,1.2857142857142865,1.653061224489798
1,9,2025-12-09,15,15.857142857142858,0.8571428571428577,0.7346938775510212
1,9,2025-12-10,15,16.0,1.0,1.0
1,9,2025-12-11,16,16.285714285714285,0.2857142857142847,0.08163265306122391
1,9,2025-12-12,13,16.285714285714285,3.2857142857142847,10.795918367346932
1,9,2025-12-13,17,15.857142857142858,1.1428571428571423,1.3061224489795906
1,9,2025-12-14,13,16.142857142857142,3.1428571428571423,9.877551020408161
1,9,2025-12-15,16,15.142857142857142,0.8571428571428577,0.7346938775510212
1,9,2025-12-16,12,15.0,3.0,9.0
1,9,2025-12-17,17,14.571428571428571,2.428571428571429,5.89795918367347
1,9,2025-12-18,14,14.857142857142858,0.8571428571428577,0.7346938775510212
1,9,2025-12-19,14,14.571428571428571,0.5714285714285712,0.32653061224489766
1,9,2025-12-20,16,14.714285714285714,1.2857142857142865,1.653061224489798
1,9,2025-12-21,16,14.571428571428571,1.4285714285714288,2.040816326530613
1,9,2025-12-22,17,15.0,2.0,4.0
1,9,2025-12-23,0,15.142857142857142,15.142857142857142,229.30612244897958
1,9,2025-12-24,29,13.428571428571429,15.571428571428571,242.46938775510202
1,9,2025-12-25,26,15.142857142857142,10.857142857142858,117.87755102040818
1,9,2025-12-26,21,16.857142857142858,4.142857142857142,17.163265306122444
1,9,2025-12-27,15,17.857142857142858,2.8571428571428577,8.163265306122453
1,9,2025-12-28,20,17.714285714285715,2.2857142857142847,5.2244897959183625
1,9,2025-12-29,13,18.285714285714285,5.285714285714285,27.93877551020407
1,9,2025-12-30,13,17.714285714285715,4.714285714285715,22.224489795918377
1,9,2025-12-31,17,19.571428571428573,2.571428571428573,6.612244897959192
2,1,2025-12-02,1,3.857142857142857,2.857142857142857,8.16326530612245
2,1,2025-12-03,1,3.7142857142857144,2.7142857142857144,7.367346938775511
2,1,2025-12-04,1,3.5714285714285716,2.5714285714285716,6.612244897959185
2,1,2025-12-05,1,3.4285714285714284,2.4285714285714284,5.897959183673469
2,1,2025-12-06,1,2.7142857142857144,1.7142857142857144,2.9387755102040822
2,1,2025-12-07,1,1.8571428571428572,0.8571428571428572,0.7346938775510206
2,1,2025-12-08,1,1.0,0.0,0.0
2,1,2025-12-09,1,1.0,0.0,0.0
2,1,2025-12-10,1,1.0,0.0,0.0
2,1,2025-12-11,1,1.0,0.0,0.0
2,1,2025-12-12,1,1.0,0.0,0.0
2,1,2025-12-13,1,1.0,0.0,0.0
2,1,2025-12-14,1,1.0,0.0,0.0
2,1,2025-12-15,1,1.0,0.0,0.0
2,1,2025-12-16,1,1.0,0.0,0.0
2,1,2025-12-17,1,1.0,0.0,0.0
2,1,2025-12-18,1,1.0,0.0,0.0
2,1,2025-12-19,1,1.0,0.0,0.0
2,1,2025-12-20,1,1.0,0.0,0.0
2,1,2025-12-21,1,1.0,0.0,0.0
2,1,2025-12-22,1,1.0,0.0,0.0
2,1,2025-12-23,1,1.0,0.0,0.0
2,1,2025-12-24,2,1.0,1.0,1.0
2,1,2025-12-25,2,1.1428571428571428,0.8571428571428572,0.7346938775510206
2,1,2025-12-26,2,1.2857142857142858,0.7142857142857142,0.510204081632653
2,1,2025-12-27,1,1.4285714285714286,0.4285714285714286,0.18367346938775514
2,1,2025-12-28,1,1.4285714285714286,0.4285714285714286,0.18367346938775514
2,1,2025-12-29,1,1.4285714285714286,0.4285714285714286,0.18367346938775514
2,1,2025-12-30,1,1.4285714285714286,0.4285714285714286,0.18367346938775514
2,1,2025-12-31,1,1.4285714285714286,0.4285714285714286,0.18367346938775514
2,2,2025-12-02,1,2.0,1.0,1.0
2,2,2025-12-03,1,1.8571428571428572,0.8571428571428572,0.7346938775510206
2,2,2025-12-04,1,1.7142857142857142,0.7142857142857142,0.510204081632653
2,2,2025-12-05,1,1.7142857142857142,0.7142857142857142,0.510204081632653
2,2,2025-12-06,1,1.2857142857142858,0.2857142857142858,0.08163265306122454
2,2,2025-12-07,1,1.4285714285714286,0.4285714285714286,0.18367346938775514
2,2,2025-12-08,1,1.0,0.0,0.0
2,2,2025-12-09,1,1.0,0.0,0.0
2,2,2025-12-10,1,1.0,0.0,0.0
2,2,2025-12-11,1,1.0,0.0,0.0
2,2,2025-12-12,1,1.0,0.0,0.0
2,2,2025-12-13,1,1.0,0.0,0.0
2,2,2025-12-14,1,1.0,0.0,0.0
2,2,2025-12-15,0,1.0,1.0,1.0
2,2,2025-12-16,1,0.8571428571428571,0.1428571428571429,0.020408163265306135
2,2,2025-12-17,1,0.8571428571428571,0.1428571428571429,0.020408163265306135
2,2,2025-12-18,1,0.8571428571428571,0.1428571428571429,0.020408163265306135
2,2,2025-12-19,1,0.8571428571428571,0.1428571428571429,0.020408163265306135
2,2,2025-12-20,1,0.8571428571428571,0.1428571428571429,0.020408163265306135
2,2,2025-12-21,1,0.8571428571428571,0.1428571428571429,0.020408163265306135
2,2,2025-12-22,0,0.8571428571428571,0.8571428571428571,0.7346938775510203
2,2,2025-12-23,1,0.8571428571428571,0.1428571428571429,0.020408163265306135
2,2,2025-12-24,1,0.8571428571428571,0.1428571428571429,0.020408163265306135
2,2,2025-12-25,1,0.8571428571428571,0.1428571428571429,0.020408163265306135
2,2,2025-12-26,1,0.8571428571428571,0.1428571428571429,0.020408163265306135
2,2,2025-12-27,1,0.8571428571428571,0.1428571428571429,0.020408163265306135
2,2,2025-12-28,1,0.8571428571428571,0.1428571428571429,0.020408163265306135
2,2,2025-12-29,1,0.8571428571428571,0.1428571428571429,0.020408163265306135
2,2,2025-12-30,1,1.0,0.0,0.0
2,2,2025-12-31,1,1.0,0.0,0.0
2,3,2025-12-02,10,36.285714285714285,26.285714285714285,690.938775510204
2,3,2025-12-03,14,33.857142857142854,19.857142857142854,394.30612244897947
2,3,2025-12-04,12,33.57142857142857,21.57142857142857,465.3265306122448
2,3,2025-12-05,13,32.0,19.0,361.0
2,3,2025-12-06,16,26.285714285714285,10.285714285714285,105.79591836734691
2,3,2025-12-07,15,19.571428571428573,4.571428571428573,20.897959183673482
2,3,2025-12-08,15,13.428571428571429,1.5714285714285712,2.4693877551020402
2,3,2025-12-09,12,13.571428571428571,1.5714285714285712,2.4693877551020402
2,3,2025-12-10,13,13.857142857142858,0.8571428571428577,0.7346938775510212
2,3,2025-12-11,15,13.714285714285714,1.2857142857142865,1.653061224489798
2,3,2025-12-12,14,14.142857142857142,0.14285714285714235,0.02040816326530598
2,3,2025-12-13,16,14.285714285714286,1.7142857142857135,2.938775510204079
2,3,2025-12-14,17,14.285714285714286,2.7142857142857135,7.367346938775506
2,3,2025-12-15,13,14.571428571428571,1.5714285714285712,2.4693877551020402
2,3,2025-12-16,12,14.285714285714286,2.2857142857142865,5.2244897959183705
2,3,2025-12-17,14,14.285714285714286,0.2857142857142865,0.08163265306122493
2,3,2025-12-18,13,14.428571428571429,1.4285714285714288,2.040816326530613
2,3,2025-12-19,15,14.142857142857142,0.8571428571428577,0.7346938775510212
2,3,2025-12-20,16,14.285714285714286,1.7142857142857135,2.938775510204079
2,3,2025-12-21,14,14.285714285714286,0.2857142857142865,0.08163265306122493
2,3,2025-12-22,14,13.857142857142858,0.14285714285714235,0.02040816326530598
2,3,2025-12-23,12,14.0,2.0,4.0
2,3,2025-12-24,25,14.0,11.0,121.0
2,3,2025-12-25,19,15.571428571428571,3.428571428571429,11.755102040816329
2,3,2025-12-26,26,16.428571428571427,9.571428571428573,91.61224489795921
2,3,2025-12-27,16,18.0,2.0,4.0
2,3,2025-12-28,15,18.0,3.0,9.0
2,3,2025-12-29,15,18.142857142857142,3.1428571428571423,9.877551020408161
2,3,2025-12-30,14,18.285714285714285,4.285714285714285,18.3673469387755
2,3,2025-12-31,15,18.571428571428573,3.571428571428573,12.755102040816338
2,4,2025-12-02,1,1.8571428571428572,0.8571428571428572,0.7346938775510206
2,4,2025-12-03,1,1.8571428571428572,0.8571428571428572,0.7346938775510206
2,4,2025-12-04,1,1.8571428571428572,0.8571428571428572,0.7346938775510206
2,4,2025-12-05,1,1.8571428571428572,0.8571428571428572,0.7346938775510206
2,4,2025-12-06,1,1.7142857142857142,0.7142857142857142,0.510204081632653
2,4,2025-12-07,1,1.4285714285714286,0.4285714285714286,0.18367346938775514
2,4,2025-12-08,1,1.1428571428571428,0.1428571428571428,0.020408163265306103
2,4,2025-12-09,1,1.0,0.0,0.0
2,4,2025-12-10,1,1.0,0.0,0.0
2,4,2025-12-11,0,1.0,1.0,1.0
2,4,2025-12-12,1,0.8571428571428571,0.1428571428571429,0.020408163265306135
2,4,2025-12-13,1,0.8571428571428571,0.1428571428571429,0.020408163265306135
2,4,2025-12-14,2,0.8571428571428571,1.1428571428571428,1.3061224489795917
2,4,2025-12-15,1,1.0,0.0,0.0
2,4,2025-12-16,1,1.0,0.0,0.0
2,4,2025-12-17,1,1.0,0.0,0.0
2,4,2025-12-18,1,1.0,0.0,0.0
2,4,2025-12-19,1,1.1428571428571428,0.1428571428571428,0.020408163265306103
2,4,2025-12-20,2,1.1428571428571428,0.8571428571428572,0.7346938775510206
2,4,2025-12-21,2,1.2857142857142858,0.7142857142857142,0.510204081632653
2,4,2025-12-22,1,1.2857142857142858,0.2857142857142858,0.08163265306122454
2,4,2025-12-23,1,1.2857142857142858,0.2857142857142858,0.08163265306122454
2,4,2025-12-24,2,1.2857142857142858,0.7142857142857142,0.510204081632653
2,4,2025-12-25,2,1.4285714285714286,0.5714285714285714,0.32653061224489793
2,4,2025-12-26,2,1.5714285714285714,0.4285714285714286,0.18367346938775514
2,4,2025-12-27,1,1.7142857142857142,0.7142857142857142,0.510204081632653
2,4,2025-12-28,0,1.5714285714285714,1.5714285714285714,2.4693877551020407
2,4,2025-12-29,1,1.2857142857142858,0.2857142857142858,0.08163265306122454
2,4,2025-12-30,1,1.2857142857142858,0.2857142857142858,0.08163265306122454
2,4,2025-12-31,1,1.2857142857142858,0.2857142857142858,0.08163265306122454
2,5,2025-12-02,5,5.714285714285714,0.7142857142857144,0.5102040816326533
2,5,2025-12-03,5,5.857142857142857,0.8571428571428568,0.7346938775510198
2,5,2025-12-04,5,6.142857142857143,1.1428571428571432,1.3061224489795926
2,5,2025-12-05,5,6.428571428571429,1.4285714285714288,2.040816326530613
2,5,2025-12-06,5,5.857142857142857,0.8571428571428568,0.7346938775510198
2,5,2025-12-07,6,5.285714285714286,0.7142857142857144,0.5102040816326533
2,5,2025-12-08,5,5.0,0.0,0.0
2,5,2025-12-09,3,5.142857142857143,2.1428571428571432,4.591836734693879
2,5,2025-12-10,4,4.857142857142857,0.8571428571428568,0.7346938775510198
2,5,2025-12-11,4,4.714285714285714,0.7142857142857144,0.5102040816326533
2,5,2025-12-12,4,4.571428571428571,0.5714285714285712,0.32653061224489766
2,5,2025-12-13,5,4.428571428571429,0.5714285714285712,0.32653061224489766
2,5,2025-12-14,5,4.428571428571429,0.5714285714285712,0.32653061224489766
2,5,2025-12-15,4,4.285714285714286,0.2857142857142856,0.08163265306122441
2,5,2025-12-16,4,4.142857142857143,0.14285714285714324,0.020408163265306232
2,5,2025-12-17,0,4.285714285714286,4.285714285714286,18.36734693877551
2,5,2025-12-18,4,3.7142857142857144,0.2857142857142856,0.08163265306122441
2,5,2025-12-19,5,3.7142857142857144,1.2857142857142856,1.6530612244897955
2,5,2025-12-20,5,3.857142857142857,1.1428571428571428,1.3061224489795917
2,5,2025-12-21,5,3.857142857142857,1.1428571428571428,1.3061224489795917
2,5,2025-12-22,4,3.857142857142857,0.1428571428571428,0.020408163265306103
2,5,2025-12-23,4,3.857142857142857,0.1428571428571428,0.020408163265306103
2,5,2025-12-24,0,3.857142857142857,3.857142857142857,14.877551020408164
2,5,2025-12-25,6,3.857142857142857,2.142857142857143,4.591836734693877
2,5,2025-12-26,6,4.142857142857143,1.8571428571428568,3.4489795918367334
2,5,2025-12-27,5,4.285714285714286,0.7142857142857144,0.5102040816326533
2,5,2025-12-28,5,4.285714285714286,0.7142857142857144,0.5102040816326533
2,5,2025-12-29,5,4.285714285714286,0.7142857142857144,0.5102040816326533
2,5,2025-12-30,4,4.428571428571429,0.4285714285714288,0.1836734693877553
2,5,2025-12-31,4,4.428571428571429,0.4285714285714288,0.1836734693877553
2,6,2025-12-02,3,3.2857142857142856,0.2857142857142856,0.08163265306122441
2,6,2025-12-03,3,3.4285714285714284,0.4285714285714284,0.18367346938775495
2,6,2025-12-04,3,3.7142857142857144,0.7142857142857144,0.5102040816326533
2,6,2025-12-05,3,3.857142857142857,0.8571428571428572,0.7346938775510206
2,6,2025-12-06,4,3.5714285714285716,0.4285714285714284,0.18367346938775495
2,6,2025-12-07,3,3.4285714285714284,0.4285714285714284,0.18367346938775495
2,6,2025-12-08,3,3.0,0.0,0.0
2,6,2025-12-09,2,3.142857142857143,1.1428571428571428,1.3061224489795917
2,6,2025-12-10,3,3.0,0.0,0.0
2,6,2025-12-11,3,3.0,0.0,0.0
2,6,2025-12-12,2,3.0,1.0,1.0
2,6,2025-12-13,3,2.857142857142857,0.1428571428571428,0.020408163265306103
2,6,2025-12-14,3,2.7142857142857144,0.2857142857142856,0.08163265306122441
2,6,2025-12-15,2,2.7142857142857144,0.7142857142857144,0.5102040816326533
2,6,2025-12-16,2,2.5714285714285716,0.5714285714285716,0.32653061224489816
2,6,2025-12-17,3,2.5714285714285716,0.4285714285714284,0.18367346938775495
2,6,2025-12-18,3,2.5714285714285716,0.4285714285714284,0.18367346938775495
2,6,2025-12-19,3,2.5714285714285716,0.4285714285714284,0.18367346938775495
2,6,2025-12-20,3,2.7142857142857144,0.2857142857142856,0.08163265306122441
2,6,2025-12-21,3,2.7142857142857144,0.2857142857142856,0.08163265306122441
2,6,2025-12-22,3,2.7142857142857144,0.2857142857142856,0.08163265306122441
2,6,2025-12-23,3,2.857142857142857,0.1428571428571428,0.020408163265306103
2,6,2025-12-24,4,3.0,1.0,1.0
2,6,2025-12-25,4,3.142857142857143,0.8571428571428572,0.7346938775510206
2,6,2025-12-26,4,3.2857142857142856,0.7142857142857144,0.5102040816326533
2,6,2025-12-27,3,3.4285714285714284,0.4285714285714284,0.18367346938775495
2,6,2025-12-28,3,3.4285714285714284,0.4285714285714284,0.18367346938775495
2,6,2025-12-29,3,3.4285714285714284,0.4285714285714284,0.18367346938775495
2,6,2025-12-30,2,3.4285714285714284,1.4285714285714284,2.040816326530612
2,6,2025-12-31,2,3.2857142857142856,1.2857142857142856,1.6530612244897955
2,7,2025-12-02,10,16.142857142857142,6.142857142857142,37.73469387755102
2,7,2025-12-03,8,16.142857142857142,8.142857142857142,66.30612244897958
2,7,2025-12-04,10,15.714285714285714,5.7142857142857135,32.65306122448979
2,7,2025-12-05,8,15.714285714285714,7.7142857142857135,59.510204081632644
2,7,2025-12-06,11,14.285714285714286,3.2857142857142865,10.795918367346944
2,7,2025-12-07,11,12.428571428571429,1.4285714285714288,2.040816326530613
2,7,2025-12-08,8,9.714285714285714,1.7142857142857135,2.938775510204079
2,7,2025-12-09,11,9.428571428571429,1.5714285714285712,2.4693877551020402
2,7,2025-12-10,7,9.571428571428571,2.571428571428571,6.612244897959182
2,7,2025-12-11,9,9.428571428571429,0.4285714285714288,0.1836734693877553
2,7,2025-12-12,8,9.285714285714286,1.2857142857142865,1.653061224489798
2,7,2025-12-13,13,9.285714285714286,3.7142857142857135,13.795918367346934
2,7,2025-12-14,11,9.571428571428571,1.4285714285714288,2.040816326530613
2,7,2025-12-15,9,9.571428571428571,0.5714285714285712,0.32653061224489766
2,7,2025-12-16,9,9.714285714285714,0.7142857142857135,0.510204081632652
2,7,2025-12-17,11,9.428571428571429,1.5714285714285712,2.4693877551020402
2,7,2025-12-18,8,10.0,2.0,4.0
2,7,2025-12-19,7,9.857142857142858,2.8571428571428577,8.163265306122453
2,7,2025-12-20,11,9.714285714285714,1.2857142857142865,1.653061224489798
2,7,2025-12-21,11,9.428571428571429,1.5714285714285712,2.4693877551020402
2,7,2025-12-22,10,9.428571428571429,0.5714285714285712,0.32653061224489766
2,7,2025-12-23,10,9.571428571428571,0.4285714285714288,0.1836734693877553
2,7,2025-12-24,19,9.714285714285714,9.285714285714286,86.22448979591839
2,7,2025-12-25,12,10.857142857142858,1.1428571428571423,1.3061224489795906
2,7,2025-12-26,13,11.428571428571429,1.5714285714285712,2.4693877551020402
2,7,2025-12-27,11,12.285714285714286,1.2857142857142865,1.653061224489798
2,7,2025-12-28,0,12.285714285714286,12.285714285714286,150.9387755102041
2,7,2025-12-29,8,10.714285714285714,2.7142857142857135,7.367346938775506
2,7,2025-12-30,11,10.428571428571429,0.5714285714285712,0.32653061224489766
2,7,2025-12-31,7,10.571428571428571,3.571428571428571,12.755102040816325
2,8,2025-12-02,23,38.714285714285715,15.714285714285715,246.93877551020412
2,8,2025-12-03,20,39.142857142857146,19.142857142857146,366.44897959183686
2,8,2025-12-04,23,39.142857142857146,16.142857142857146,260.59183673469397
2,8,2025-12-05,21,38.714285714285715,17.714285714285715,313.795918367347
2,8,2025-12-06,20,33.714285714285715,13.714285714285715,188.08163265306126
2,8,2025-12-07,23,26.428571428571427,3.428571428571427,11.755102040816316
2,8,2025-12-08,23,21.428571428571427,1.571428571428573,2.4693877551020456
2,8,2025-12-09,22,21.857142857142858,0.14285714285714235,0.02040816326530598
2,8,2025-12-10,20,21.714285714285715,1.7142857142857153,2.938775510204085
2,8,2025-12-11,16,21.714285714285715,5.714285714285715,32.65306122448981
2,8,2025-12-12,16,20.714285714285715,4.714285714285715,22.224489795918377
2,8,2025-12-13,19,20.0,1.0,1.0
2,8,2025-12-14,22,19.857142857142858,2.1428571428571423,4.591836734693875
2,8,2025-12-15,19,19.714285714285715,0.7142857142857153,0.5102040816326545
2,8,2025-12-16,17,19.142857142857142,2.1428571428571423,4.591836734693875
2,8,2025-12-17,23,18.428571428571427,4.571428571428573,20.897959183673482
2,8,2025-12-18,17,18.857142857142858,1.8571428571428577,3.4489795918367365
2,8,2025-12-19,17,19.0,2.0,4.0
2,8,2025-12-20,23,19.142857142857142,3.8571428571428577,14.877551020408168
2,8,2025-12-21,26,19.714285714285715,6.285714285714285,39.510204081632644
2,8,2025-12-22,25,20.285714285714285,4.714285714285715,22.224489795918377
2,8,2025-12-23,22,21.142857142857142,0.8571428571428577,0.7346938775510212
2,8,2025-12-24,41,21.857142857142858,19.142857142857142,366.4489795918367
2,8,2025-12-25,29,24.428571428571427,4.571428571428573,20.897959183673482
2,8,2025-12-26,43,26.142857142857142,16.857142857142858,284.16326530612247
2,8,2025-12-27,18,29.857142857142858,11.857142857142858,140.59183673469389
2,8,2025-12-28,22,29.142857142857142,7.142857142857142,51.0204081632653
2,8,2025-12-29,22,28.571428571428573,6.571428571428573,43.18367346938778
2,8,2025-12-30,16,28.142857142857142,12.142857142857142,147.44897959183672
2,8,2025-12-31,18,27.285714285714285,9.285714285714285,86.22448979591834
2,9,2025-12-02,14,23.0,9.0,81.0
2,9,2025-12-03,14,23.0,9.0,81.0
2,9,2025-12-04,14,23.0,9.0,81.0
2,9,2025-12-05,17,23.285714285714285,6.285714285714285,39.510204081632644
2,9,2025-12-06,16,21.0,5.0,25.0
2,9,2025-12-07,18,18.428571428571427,0.42857142857142705,0.1836734693877538
2,9,2025-12-08,15,15.142857142857142,0.14285714285714235,0.02040816326530598
2,9,2025-12-09,16,15.428571428571429,0.5714285714285712,0.32653061224489766
2,9,2025-12-10,13,15.714285714285714,2.7142857142857135,7.367346938775506
2,9,2025-12-11,15,15.571428571428571,0.5714285714285712,0.32653061224489766
2,9,2025-12-12,14,15.714285714285714,1.7142857142857135,2.938775510204079
2,9,2025-12-13,10,15.285714285714286,5.2857142857142865,27.93877551020409
2,9,2025-12-14,14,14.428571428571429,0.4285714285714288,0.1836734693877553
2,9,2025-12-15,15,13.857142857142858,1.1428571428571423,1.3061224489795906
2,9,2025-12-16,15,13.857142857142858,1.1428571428571423,1.3061224489795906
2,9,2025-12-17,12,13.714285714285714,1.7142857142857135,2.938775510204079
2,9,2025-12-18,14,13.571428571428571,0.4285714285714288,0.1836734693877553
2,9,2025-12-19,15,13.428571428571429,1.5714285714285712,2.4693877551020402
2,9,2025-12-20,16,13.571428571428571,2.428571428571429,5.89795918367347
2,9,2025-12-21,18,14.428571428571429,3.571428571428571,12.755102040816325
2,9,2025-12-22,15,15.0,0.0,0.0
2,9,2025-12-23,14,15.0,1.0,1.0
2,9,2025-12-24,22,14.857142857142858,7.142857142857142,51.0204081632653
2,9,2025-12-25,27,16.285714285714285,10.714285714285715,114.79591836734696
2,9,2025-12-26,25,18.142857142857142,6.857142857142858,47.020408163265316
2,9,2025-12-27,13,19.571428571428573,6.571428571428573,43.18367346938778
2,9,2025-12-28,17,19.142857142857142,2.1428571428571423,4.591836734693875
2,9,2025-12-29,12,19.0,7.0,49.0
2,9,2025-12-30,12,18.571428571428573,6.571428571428573,43.18367346938778
2,9,2025-12-31,13,18.285714285714285,5.285714285714285,27.93877551020407
3,1,2025-12-02,1,3.4285714285714284,2.4285714285714284,5.897959183673469
3,1,2025-12-03,1,3.2857142857142856,2.2857142857142856,5.224489795918367
3,1,2025-12-04,1,3.142857142857143,2.142857142857143,4.591836734693877
3,1,2025-12-05,1,3.2857142857142856,2.2857142857142856,5.224489795918367
3,1,2025-12-06,1,2.7142857142857144,1.7142857142857144,2.9387755102040822
3,1,2025-12-07,1,1.7142857142857142,0.7142857142857142,0.510204081632653
3,1,2025-12-08,1,1.0,0.0,0.0
3,1,2025-12-09,1,1.0,0.0,0.0
3,1,2025-12-10,1,1.0,0.0,0.0
3,1,2025-12-11,1,1.0,0.0,0.0
3,1,2025-12-12,1,1.0,0.0,0.0
3,1,2025-12-13,1,1.0,0.0,0.0
3,1,2025-12-14,1,1.0,0.0,0.0
3,1,2025-12-15,1,1.0,0.0,0.0
3,1,2025-12-16,1,1.0,0.0,0.0
3,1,2025-12-17,1,1.0,0.0,0.0
3,1,2025-12-18,0,1.0,1.0,1.0
3,1,2025-12-19,1,0.8571428571428571,0.1428571428571429,0.020408163265306135
3,1,2025-12-20,1,0.8571428571428571,0.1428571428571429,0.020408163265306135
3,1,2025-12-21,1,0.8571428571428571,0.1428571428571429,0.020408163265306135
3,1,2025-12-22,1,0.8571428571428571,0.1428571428571429,0.020408163265306135
3,1,2025-12-23,1,0.8571428571428571,0.1428571428571429,0.020408163265306135
3,1,2025-12-24,2,0.8571428571428571,1.1428571428571428,1.3061224489795917
3,1,2025-12-25,2,1.0,1.0,1.0
3,1,2025-12-26,2,1.2857142857142858,0.7142857142857142,0.510204081632653
3,1,2025-12-27,1,1.4285714285714286,0.4285714285714286,0.18367346938775514
3,1,2025-12-28,1,1.4285714285714286,0.4285714285714286,0.18367346938775514
3,1,2025-12-29,1,1.4285714285714286,0.4285714285714286,0.18367346938775514
3,1,2025-12-30,1,1.4285714285714286,0.4285714285714286,0.18367346938775514
3,1,2025-12-31,1,1.4285714285714286,0.4285714285714286,0.18367346938775514
3,2,2025-12-02,1,2.4285714285714284,1.4285714285714284,2.040816326530612
3,2,2025-12-03,1,2.2857142857142856,1.2857142857142856,1.6530612244897955
3,2,2025-12-04,1,2.2857142857142856,1.2857142857142856,1.6530612244897955
3,2,2025-12-05,1,2.142857142857143,1.1428571428571428,1.3061224489795917
3,2,2025-12-06,1,1.8571428571428572,0.8571428571428572,0.7346938775510206
3,2,2025-12-07,1,1.4285714285714286,0.4285714285714286,0.18367346938775514
3,2,2025-12-08,1,1.0,0.0,0.0
3,2,2025-12-09,1,1.0,0.0,0.0
3,2,2025-12-10,1,1.0,0.0,0.0
3,2,2025-12-11,1,1.0,0.0,0.0
3,2,2025-12-12,1,1.0,0.0,0.0
3,2,2025-12-13,0,1.0,1.0,1.0
3,2,2025-12-14,1,0.8571428571428571,0.1428571428571429,0.020408163265306135
3,2,2025-12-15,1,0.8571428571428571,0.1428571428571429,0.020408163265306135
3,2,2025-12-16,1,0.8571428571428571,0.1428571428571429,0.020408163265306135
3,2,2025-12-17,1,0.8571428571428571,0.1428571428571429,0.020408163265306135
3,2,2025-12-18,1,0.8571428571428571,0.1428571428571429,0.020408163265306135
3,2,2025-12-19,1,0.8571428571428571,0.1428571428571429,0.020408163265306135
3,2,2025-12-20,1,0.8571428571428571,0.1428571428571429,0.020408163265306135
3,2,2025-12-21,1,1.0,0.0,0.0
3,2,2025-12-22,1,1.0,0.0,0.0
3,2,2025-12-23,1,1.0,0.0,0.0
3,2,2025-12-24,1,1.0,0.0,0.0
3,2,2025-12-25,1,1.0,0.0,0.0
3,2,2025-12-26,1,1.0,0.0,0.0
3,2,2025-12-27,1,1.0,0.0,0.0
3,2,2025-12-28,0,1.0,1.0,1.0
3,2,2025-12-29,1,0.8571428571428571,0.1428571428571429,0.020408163265306135
3,2,2025-12-30,1,0.8571428571428571,0.1428571428571429,0.020408163265306135
3,2,2025-12-31,1,0.8571428571428571,0.1428571428571429,0.020408163265306135
3,3,2025-12-02,15,35.142857142857146,20.142857142857146,405.73469387755114
3,3,2025-12-03,13,34.285714285714285,21.285714285714285,453.0816326530612
3,3,2025-12-04,10,32.42857142857143,22.42857142857143,503.0408163265307
3,3,2025-12-05,17,31.285714285714285,14.285714285714285,204.0816326530612
3,3,2025-12-06,14,27.714285714285715,13.714285714285715,188.08163265306126
3,3,2025-12-07,14,20.428571428571427,6.428571428571427,41.32653061224488
3,3,2025-12-08,15,13.714285714285714,1.2857142857142865,1.653061224489798
3,3,2025-12-09,13,14.0,1.0,1.0
3,3,2025-12-10,13,13.714285714285714,0.7142857142857135,0.510204081632652
3,3,2025-12-11,14,13.714285714285714,0.2857142857142865,0.08163265306122493
3,3,2025-12-12,15,14.285714285714286,0.7142857142857135,0.510204081632652
3,3,2025-12-13,15,14.0,1.0,1.0
3,3,2025-12-14,18,14.142857142857142,3.8571428571428577,14.877551020408168
3,3,2025-12-15,10,14.714285714285714,4.7142857142857135,22.22448979591836
3,3,2025-12-16,15,14.0,1.0,1.0
3,3,2025-12-17,12,14.285714285714286,2.2857142857142865,5.2244897959183705
3,3,2025-12-18,16,14.142857142857142,1.8571428571428577,3.4489795918367365
3,3,2025-12-19,14,14.428571428571429,0.4285714285714288,0.1836734693877553
3,3,2025-12-20,14,14.285714285714286,0.2857142857142865,0.08163265306122493
3,3,2025-12-21,17,14.142857142857142,2.8571428571428577,8.163265306122453
3,3,2025-12-22,15,14.0,1.0,1.0
3,3,2025-12-23,15,14.714285714285714,0.2857142857142865,0.08163265306122493
3,3,2025-12-24,20,14.714285714285714,5.2857142857142865,27.93877551020409
3,3,2025-12-25,22,15.857142857142858,6.142857142857142,37.73469387755102
3,3,2025-12-26,23,16.714285714285715,6.285714285714285,39.510204081632644
3,3,2025-12-27,15,18.0,3.0,9.0
3,3,2025-12-28,17,18.142857142857142,1.1428571428571423,1.3061224489795906
3,3,2025-12-29,10,18.142857142857142,8.142857142857142,66.30612244897958
3,3,2025-12-30,14,17.428571428571427,3.428571428571427,11.755102040816316
3,3,2025-12-31,13,17.285714285714285,4.285714285714285,18.3673469387755
3,4,2025-12-02,1,1.8571428571428572,0.8571428571428572,0.7346938775510206
3,4,2025-12-03,1,1.8571428571428572,0.8571428571428572,0.7346938775510206
3,4,2025-12-04,1,1.8571428571428572,0.8571428571428572,0.7346938775510206
3,4,2025-12-05,1,1.8571428571428572,0.8571428571428572,0.7346938775510206
3,4,2025-12-06,1,1.5714285714285714,0.5714285714285714,0.32653061224489793
3,4,2025-12-07,1,1.2857142857142858,0.2857142857142858,0.08163265306122454
3,4,2025-12-08,1,1.0,0.0,0.0
3,4,2025-12-09,1,1.0,0.0,0.0
3,4,2025-12-10,1,1.0,0.0,0.0
3,4,2025-12-11,2,1.0,1.0,1.0
3,4,2025-12-12,1,1.1428571428571428,0.1428571428571428,0.020408163265306103
3,4,2025-12-13,1,1.1428571428571428,0.1428571428571428,0.020408163265306103
3,4,2025-12-14,1,1.1428571428571428,0.1428571428571428,0.020408163265306103
3,4,2025-12-15,1,1.1428571428571428,0.1428571428571428,0.020408163265306103
3,4,2025-12-16,1,1.1428571428571428,0.1428571428571428,0.020408163265306103
3,4,2025-12-17,1,1.1428571428571428,0.1428571428571428,0.020408163265306103
3,4,2025-12-18,1,1.1428571428571428,0.1428571428571428,0.020408163265306103
3,4,2025-12-19,1,1.0,0.0,0.0
3,4,2025-12-20,1,1.0,0.0,0.0
3,4,2025-12-21,1,1.0,0.0,0.0
3,4,2025-12-22,1,1.0,0.0,0.0
3,4,2025-12-23,1,1.0,0.0,0.0
3,4,2025-12-24,3,1.0,2.0,4.0
3,4,2025-12-25,3,1.2857142857142858,1.7142857142857142,2.9387755102040813
3,4,2025-12-26,2,1.5714285714285714,0.4285714285714286,0.18367346938775514
3,4,2025-12-27,1,1.7142857142857142,0.7142857142857142,0.510204081632653
3,4,2025-12-28,2,1.7142857142857142,0.2857142857142858,0.08163265306122454
3,4,2025-12-29,1,1.8571428571428572,0.8571428571428572,0.7346938775510206
3,4,2025-12-30,1,1.8571428571428572,0.8571428571428572,0.7346938775510206
3,4,2025-12-31,1,1.8571428571428572,0.8571428571428572,0.7346938775510206
3,5,2025-12-02,4,6.0,2.0,4.0
3,5,2025-12-03,4,6.0,2.0,4.0
3,5,2025-12-04,4,6.0,2.0,4.0
3,5,2025-12-05,4,6.0,2.0,4.0
3,5,2025-12-06,5,5.428571428571429,0.4285714285714288,0.1836734693877553
3,5,2025-12-07,5,4.857142857142857,0.14285714285714324,0.020408163265306232
3,5,2025-12-08,4,4.142857142857143,0.14285714285714324,0.020408163265306232
3,5,2025-12-09,4,4.285714285714286,0.2857142857142856,0.08163265306122441
3,5,2025-12-10,4,4.285714285714286,0.2857142857142856,0.08163265306122441
3,5,2025-12-11,5,4.285714285714286,0.7142857142857144,0.5102040816326533
3,5,2025-12-12,4,4.428571428571429,0.4285714285714288,0.1836734693877553
3,5,2025-12-13,4,4.428571428571429,0.4285714285714288,0.1836734693877553
3,5,2025-12-14,6,4.285714285714286,1.7142857142857144,2.9387755102040822
3,5,2025-12-15,4,4.428571428571429,0.4285714285714288,0.1836734693877553
3,5,2025-12-16,4,4.428571428571429,0.4285714285714288,0.1836734693877553
3,5,2025-12-17,4,4.428571428571429,0.4285714285714288,0.1836734693877553
3,5,2025-12-18,4,4.428571428571429,0.4285714285714288,0.1836734693877553
3,5,2025-12-19,4,4.285714285714286,0.2857142857142856,0.08163265306122441
3,5,2025-12-20,6,4.285714285714286,1.7142857142857144,2.9387755102040822
3,5,2025-12-21,5,4.571428571428571,0.4285714285714288,0.1836734693877553
3,5,2025-12-22,4,4.428571428571429,0.4285714285714288,0.1836734693877553
3,5,2025-12-23,5,4.428571428571429,0.5714285714285712,0.32653061224489766
3,5,2025-12-24,8,4.571428571428571,3.428571428571429,11.755102040816329
3,5,2025-12-25,7,5.142857142857143,1.8571428571428568,3.4489795918367334
3,5,2025-12-26,8,5.571428571428571,2.428571428571429,5.89795918367347
3,5,2025-12-27,5,6.142857142857143,1.1428571428571432,1.3061224489795926
3,5,2025-12-28,5,6.0,1.0,1.0
3,5,2025-12-29,5,6.0,1.0,1.0
3,5,2025-12-30,5,6.142857142857143,1.1428571428571432,1.3061224489795926
3,5,2025-12-31,4,6.142857142857143,2.1428571428571432,4.591836734693879
3,6,2025-12-02,2,3.7142857142857144,1.7142857142857144,2.9387755102040822
3,6,2025-12-03,2,3.7142857142857144,1.7142857142857144,2.9387755102040822
3,6,2025-12-04,3,3.7142857142857144,0.7142857142857144,0.5102040816326533
3,6,2025-12-05,3,3.857142857142857,0.8571428571428572,0.7346938775510206
3,6,2025-12-06,3,3.5714285714285716,0.5714285714285716,0.32653061224489816
3,6,2025-12-07,4,3.142857142857143,0.8571428571428572,0.7346938775510206
3,6,2025-12-08,2,2.857142857142857,0.8571428571428572,0.7346938775510206
3,6,2025-12-09,3,2.7142857142857144,0.2857142857142856,0.08163265306122441
3,6,2025-12-10,3,2.857142857142857,0.1428571428571428,0.020408163265306103
3,6,2025-12-11,2,3.0,1.0,1.0
3,6,2025-12-12,3,2.857142857142857,0.1428571428571428,0.020408163265306103
3,6,2025-12-13,3,2.857142857142857,0.1428571428571428,0.020408163265306103
3,6,2025-12-14,3,2.857142857142857,0.1428571428571428,0.020408163265306103
3,6,2025-12-15,3,2.7142857142857144,0.2857142857142856,0.08163265306122441
3,6,2025-12-16,3,2.857142857142857,0.1428571428571428,0.020408163265306103
3,6,2025-12-17,2,2.857142857142857,0.8571428571428572,0.7346938775510206
3,6,2025-12-18,3,2.7142857142857144,0.2857142857142856,0.08163265306122441
3,6,2025-12-19,2,2.857142857142857,0.8571428571428572,0.7346938775510206
3,6,2025-12-20,3,2.7142857142857144,0.2857142857142856,0.08163265306122441
3,6,2025-12-21,3,2.7142857142857144,0.2857142857142856,0.08163265306122441
3,6,2025-12-22,3,2.7142857142857144,0.2857142857142856,0.08163265306122441
3,6,2025-12-23,3,2.7142857142857144,0.2857142857142856,0.08163265306122441
3,6,2025-12-24,4,2.7142857142857144,1.2857142857142856,1.6530612244897955
3,6,2025-12-25,0,3.0,3.0,9.0
3,6,2025-12-26,5,2.5714285714285716,2.4285714285714284,5.897959183673469
3,6,2025-12-27,3,3.0,0.0,0.0
3,6,2025-12-28,3,3.0,0.0,0.0
3,6,2025-12-29,3,3.0,0.0,0.0
3,6,2025-12-30,3,3.0,0.0,0.0
3,6,2025-12-31,3,3.0,0.0,0.0
3,7,2025-12-02,8,18.428571428571427,10.428571428571427,108.7551020408163
3,7,2025-12-03,9,18.285714285714285,9.285714285714285,86.22448979591834
3,7,2025-12-04,10,18.142857142857142,8.142857142857142,66.30612244897958
3,7,2025-12-05,10,18.142857142857142,8.142857142857142,66.30612244897958
3,7,2025-12-06,13,16.142857142857142,3.1428571428571423,9.877551020408161
3,7,2025-12-07,11,13.285714285714286,2.2857142857142865,5.2244897959183705
3,7,2025-12-08,11,10.285714285714286,0.7142857142857135,0.510204081632652
3,7,2025-12-09,10,10.285714285714286,0.2857142857142865,0.08163265306122493
3,7,2025-12-10,11,10.571428571428571,0.4285714285714288,0.1836734693877553
3,7,2025-12-11,9,10.857142857142858,1.8571428571428577,3.4489795918367365
3,7,2025-12-12,9,10.714285714285714,1.7142857142857135,2.938775510204079
3,7,2025-12-13,12,10.571428571428571,1.4285714285714288,2.040816326530613
3,7,2025-12-14,13,10.428571428571429,2.571428571428571,6.612244897959182
3,7,2025-12-15,10,10.714285714285714,0.7142857142857135,0.510204081632652
3,7,2025-12-16,9,10.571428571428571,1.5714285714285712,2.4693877551020402
3,7,2025-12-17,11,10.428571428571429,0.5714285714285712,0.32653061224489766
3,7,2025-12-18,7,10.428571428571429,3.428571428571429,11.755102040816329
3,7,2025-12-19,8,10.142857142857142,2.1428571428571423,4.591836734693875
3,7,2025-12-20,12,10.0,2.0,4.0
3,7,2025-12-21,11,10.0,1.0,1.0
3,7,2025-12-22,10,9.714285714285714,0.2857142857142865,0.08163265306122493
3,7,2025-12-23,9,9.714285714285714,0.7142857142857135,0.510204081632652
3,7,2025-12-24,17,9.714285714285714,7.2857142857142865,53.081632653061234
3,7,2025-12-25,14,10.571428571428571,3.428571428571429,11.755102040816329
3,7,2025-12-26,17,11.571428571428571,5.428571428571429,29.469387755102044
3,7,2025-12-27,12,12.857142857142858,0.8571428571428577,0.7346938775510212
3,7,2025-12-28,12,12.857142857142858,0.8571428571428577,0.7346938775510212
3,7,2025-12-29,12,13.0,1.0,1.0
3,7,2025-12-30,10,13.285714285714286,3.2857142857142865,10.795918367346944
3,7,2025-12-31,10,13.428571428571429,3.428571428571429,11.755102040816329
3,8,2025-12-02,20,37.142857142857146,17.142857142857146,293.87755102040825
3,8,2025-12-03,21,36.857142857142854,15.857142857142854,251.44897959183663
3,8,2025-12-04,24,36.57142857142857,12.57142857142857,158.04081632653057
3,8,2025-12-05,0,36.57142857142857,36.57142857142857,1337.469387755102
3,8,2025-12-06,22,29.857142857142858,7.857142857142858,61.73469387755103
3,8,2025-12-07,17,22.285714285714285,5.285714285714285,27.93877551020407
3,8,2025-12-08,20,17.571428571428573,2.428571428571427,5.897959183673462
3,8,2025-12-09,21,17.714285714285715,3.2857142857142847,10.795918367346932
3,8,2025-12-10,24,17.857142857142858,6.142857142857142,37.73469387755102
3,8,2025-12-11,21,18.285714285714285,2.7142857142857153,7.3673469387755155
3,8,2025-12-12,23,17.857142857142858,5.142857142857142,26.44897959183673
3,8,2025-12-13,25,21.142857142857142,3.8571428571428577,14.877551020408168
3,8,2025-12-14,22,21.571428571428573,0.42857142857142705,0.1836734693877538
3,8,2025-12-15,17,22.285714285714285,5.285714285714285,27.93877551020407
3,8,2025-12-16,21,21.857142857142858,0.8571428571428577,0.7346938775510212
3,8,2025-12-17,17,21.857142857142858,4.857142857142858,23.59183673469388
3,8,2025-12-18,24,20.857142857142858,3.1428571428571423,9.877551020408161
3,8,2025-12-19,20,21.285714285714285,1.2857142857142847,1.6530612244897933
3,8,2025-12-20,27,20.857142857142858,6.142857142857142,37.73469387755102
3,8,2025-12-21,22,21.142857142857142,0.8571428571428577,0.7346938775510212
3,8,2025-12-22,21,21.142857142857142,0.14285714285714235,0.02040816326530598
3,8,2025-12-23,21,21.714285714285715,0.7142857142857153,0.5102040816326545
3,8,2025-12-24,34,21.714285714285715,12.285714285714285,150.93877551020407
3,8,2025-12-25,33,24.142857142857142,8.857142857142858,78.44897959183675
3,8,2025-12-26,36,25.428571428571427,10.571428571428573,111.75510204081635
3,8,2025-12-27,21,27.714285714285715,6.714285714285715,45.08163265306124
3,8,2025-12-28,20,26.857142857142858,6.857142857142858,47.020408163265316
3,8,2025-12-29,23,26.571428571428573,3.571428571428573,12.755102040816338
3,8,2025-12-30,22,26.857142857142858,4.857142857142858,23.59183673469388
3,8,2025-12-31,21,27.0,6.0,36.0
3,9,2025-12-02,18,22.0,4.0,16.0
3,9,2025-12-03,16,22.857142857142858,6.857142857142858,47.020408163265316
3,9,2025-12-04,16,23.142857142857142,7.142857142857142,51.0204081632653
3,9,2025-12-05,16,23.714285714285715,7.714285714285715,59.51020408163267
3,9,2025-12-06,14,21.714285714285715,7.714285714285715,59.51020408163267
3,9,2025-12-07,14,18.714285714285715,4.714285714285715,22.224489795918377
3,9,2025-12-08,12,15.428571428571429,3.428571428571429,11.755102040816329
3,9,2025-12-09,16,15.142857142857142,0.8571428571428577,0.7346938775510212
3,9,2025-12-10,13,14.857142857142858,1.8571428571428577,3.4489795918367365
3,9,2025-12-11,12,14.428571428571429,2.428571428571429,5.89795918367347
3,9,2025-12-12,13,13.857142857142858,0.8571428571428577,0.7346938775510212
3,9,2025-12-13,0,13.428571428571429,13.428571428571429,180.3265306122449
3,9,2025-12-14,17,11.428571428571429,5.571428571428571,31.04081632653061
3,9,2025-12-15,15,11.857142857142858,3.1428571428571423,9.877551020408161
3,9,2025-12-16,13,12.285714285714286,0.7142857142857135,0.510204081632652
3,9,2025-12-17,15,11.857142857142858,3.1428571428571423,9.877551020408161
3,9,2025-12-18,13,12.142857142857142,0.8571428571428577,0.7346938775510212
3,9,2025-12-19,14,12.285714285714286,1.7142857142857135,2.938775510204079
3,9,2025-12-20,18,12.428571428571429,5.571428571428571,31.04081632653061
3,9,2025-12-21,15,15.0,0.0,0.0
3,9,2025-12-22,13,14.714285714285714,1.7142857142857135,2.938775510204079
3,9,2025-12-23,15,14.428571428571429,0.5714285714285712,0.32653061224489766
3,9,2025-12-24,22,14.714285714285714,7.2857142857142865,53.081632653061234
3,9,2025-12-25,23,15.714285714285714,7.2857142857142865,53.081632653061234
3,9,2025-12-26,26,17.142857142857142,8.857142857142858,78.44897959183675
3,9,2025-12-27,20,18.857142857142858,1.1428571428571423,1.3061224489795906
3,9,2025-12-28,17,19.142857142857142,2.1428571428571423,4.591836734693875
3,9,2025-12-29,15,19.428571428571427,4.428571428571427,19.61224489795917
3,9,2025-12-30,15,19.714285714285715,4.714285714285715,22.224489795918377
3,9,2025-12-31,12,19.714285714285715,7.714285714285715,59.51020408163267
4,1,2025-12-02,1,4.428571428571429,3.428571428571429,11.755102040816329
4,1,2025-12-03,1,4.142857142857143,3.1428571428571432,9.877551020408166
4,1,2025-12-04,1,3.857142857142857,2.857142857142857,8.16326530612245
4,1,2025-12-05,1,3.7142857142857144,2.7142857142857144,7.367346938775511
4,1,2025-12-06,1,2.857142857142857,1.8571428571428572,3.4489795918367347
4,1,2025-12-07,1,2.0,1.0,1.0
4,1,2025-12-08,1,1.0,0.0,0.0
4,1,2025-12-09,1,1.0,0.0,0.0
4,1,2025-12-10,1,1.0,0.0,0.0
4,1,2025-12-11,1,1.0,0.0,0.0
4,1,2025-12-12,1,1.0,0.0,0.0
4,1,2025-12-13,1,1.0,0.0,0.0
4,1,2025-12-14,1,1.0,0.0,0.0
4,1,2025-12-15,1,1.0,0.0,0.0
4,1,2025-12-16,1,1.0,0.0,0.0
4,1,2025-12-17,1,1.0,0.0,0.0
4,1,2025-12-18,1,1.0,0.0,0.0
4,1,2025-12-19,1,1.0,0.0,0.0
4,1,2025-12-20,1,1.0,0.0,0.0
4,1,2025-12-21,2,1.0,1.0,1.0
4,1,2025-12-22,1,1.1428571428571428,0.1428571428571428,0.020408163265306103
4,1,2025-12-23,1,1.1428571428571428,0.1428571428571428,0.020408163265306103
4,1,2025-12-24,2,1.1428571428571428,0.8571428571428572,0.7346938775510206
4,1,2025-12-25,2,1.2857142857142858,0.7142857142857142,0.510204081632653
4,1,2025-12-26,2,1.4285714285714286,0.5714285714285714,0.32653061224489793
4,1,2025-12-27,1,1.5714285714285714,0.5714285714285714,0.32653061224489793
4,1,2025-12-28,1,1.5714285714285714,0.5714285714285714,0.32653061224489793
4,1,2025-12-29,1,1.4285714285714286,0.4285714285714286,0.18367346938775514
4,1,2025-12-30,1,1.4285714285714286,0.4285714285714286,0.18367346938775514
4,1,2025-12-31,1,1.4285714285714286,0.4285714285714286,0.18367346938775514
4,2,2025-12-02,1,2.5714285714285716,1.5714285714285716,2.4693877551020416
4,2,2025-12-03,1,2.5714285714285716,1.5714285714285716,2.4693877551020416
4,2,2025-12-04,1,2.4285714285714284,1.4285714285714284,2.040816326530612
4,2,2025-12-05,1,2.4285714285714284,1.4285714285714284,2.040816326530612
4,2,2025-12-06,1,2.0,1.0,1.0
4,2,2025-12-07,1,1.5714285714285714,0.5714285714285714,0.32653061224489793
4,2,2025-12-08,1,1.0,0.0,0.0
4,2,2025-12-09,0,1.0,1.0,1.0
4,2,2025-12-10,1,0.8571428571428571,0.1428571428571429,0.020408163265306135
4,2,2025-12-11,1,0.8571428571428571,0.1428571428571429,0.020408163265306135
4,2,2025-12-12,1,0.8571428571428571,0.1428571428571429,0.020408163265306135
4,2,2025-12-13,1,0.8571428571428571,0.1428571428571429,0.020408163265306135
4,2,2025-12-14,1,0.8571428571428571,0.1428571428571429,0.020408163265306135
4,2,2025-12-15,1,0.8571428571428571,0.1428571428571429,0.020408163265306135
4,2,2025-12-16,1,0.8571428571428571,0.1428571428571429,0.020408163265306135
4,2,2025-12-17,1,1.0,0.0,0.0
4,2,2025-12-18,1,1.0,0.0,0.0
4,2,2025-12-19,1,1.0,0.0,0.0
4,2,2025-12-20,1,1.0,0.0,0.0
4,2,2025-12-21,1,1.0,0.0,0.0
4,2,2025-12-22,1,1.0,0.0,0.0
4,2,2025-12-23,1,1.0,0.0,0.0
4,2,2025-12-24,1,1.0,0.0,0.0
4,2,2025-12-25,1,1.0,0.0,0.0
4,2,2025-12-26,1,1.0,0.0,0.0
4,2,2025-12-27,1,1.0,0.0,0.0
4,2,2025-12-28,1,1.0,0.0,0.0
4,2,2025-12-29,1,1.0,0.0,0.0
4,2,2025-12-30,1,1.0,0.0,0.0
4,2,2025-12-31,1,1.0,0.0,0.0
4,3,2025-12-02,13,35.142857142857146,22.142857142857146,490.30612244897975
4,3,2025-12-03,15,37.0,22.0,484.0
4,3,2025-12-04,15,35.857142857142854,20.857142857142854,435.0204081632652
4,3,2025-12-05,16,34.57142857142857,18.57142857142857,344.8979591836734
4,3,2025-12-06,18,27.142857142857142,9.142857142857142,83.59183673469387
4,3,2025-12-07,18,21.857142857142858,3.8571428571428577,14.877551020408168
4,3,2025-12-08,12,15.428571428571429,3.428571428571429,11.755102040816329
4,3,2025-12-09,17,15.285714285714286,1.7142857142857135,2.938775510204079
4,3,2025-12-10,14,15.857142857142858,1.8571428571428577,3.4489795918367365
4,3,2025-12-11,16,15.714285714285714,0.2857142857142865,0.08163265306122493
4,3,2025-12-12,12,15.857142857142858,3.8571428571428577,14.877551020408168
4,3,2025-12-13,16,15.285714285714286,0.7142857142857135,0.510204081632652
4,3,2025-12-14,18,15.0,3.0,9.0
4,3,2025-12-15,14,15.0,1.0,1.0
4,3,2025-12-16,13,15.285714285714286,2.2857142857142865,5.2244897959183705
4,3,2025-12-17,17,14.714285714285714,2.2857142857142865,5.2244897959183705
4,3,2025-12-18,12,15.142857142857142,3.1428571428571423,9.877551020408161
4,3,2025-12-19,14,14.571428571428571,0.5714285714285712,0.32653061224489766
4,3,2025-12-20,18,14.857142857142858,3.1428571428571423,9.877551020408161
4,3,2025-12-21,21,15.142857142857142,5.857142857142858,34.3061224489796
4,3,2025-12-22,14,15.571428571428571,1.5714285714285712,2.4693877551020402
4,3,2025-12-23,14,15.571428571428571,1.5714285714285712,2.4693877551020402
4,3,2025-12-24,23,15.714285714285714,7.2857142857142865,53.081632653061234
4,3,2025-12-25,25,16.571428571428573,8.428571428571427,71.04081632653059
4,3,2025-12-26,26,18.428571428571427,7.571428571428573,57.32653061224492
4,3,2025-12-27,19,20.142857142857142,1.1428571428571423,1.3061224489795906
4,3,2025-12-28,18,20.285714285714285,2.2857142857142847,5.2244897959183625
4,3,2025-12-29,14,19.857142857142858,5.857142857142858,34.3061224489796
4,3,2025-12-30,16,19.857142857142858,3.8571428571428577,14.877551020408168
4,3,2025-12-31,15,20.142857142857142,5.142857142857142,26.44897959183673
4,4,2025-12-02,1,2.0,1.0,1.0
4,4,2025-12-03,1,2.0,1.0,1.0
4,4,2025-12-04,1,2.0,1.0,1.0
4,4,2025-12-05,1,2.0,1.0,1.0
4,4,2025-12-06,2,1.7142857142857142,0.2857142857142858,0.08163265306122454
4,4,2025-12-07,2,1.5714285714285714,0.4285714285714286,0.18367346938775514
4,4,2025-12-08,1,1.4285714285714286,0.4285714285714286,0.18367346938775514
4,4,2025-12-09,1,1.2857142857142858,0.2857142857142858,0.08163265306122454
4,4,2025-12-10,1,1.2857142857142858,0.2857142857142858,0.08163265306122454
4,4,2025-12-11,1,1.2857142857142858,0.2857142857142858,0.08163265306122454
4,4,2025-12-12,1,1.2857142857142858,0.2857142857142858,0.08163265306122454
4,4,2025-12-13,2,1.2857142857142858,0.7142857142857142,0.510204081632653
4,4,2025-12-14,1,1.2857142857142858,0.2857142857142858,0.08163265306122454
4,4,2025-12-15,1,1.1428571428571428,0.1428571428571428,0.020408163265306103
4,4,2025-12-16,1,1.1428571428571428,0.1428571428571428,0.020408163265306103
4,4,2025-12-17,1,1.1428571428571428,0.1428571428571428,0.020408163265306103
4,4,2025-12-18,1,1.1428571428571428,0.1428571428571428,0.020408163265306103
4,4,2025-12-19,1,1.1428571428571428,0.1428571428571428,0.020408163265306103
4,4,2025-12-20,1,1.1428571428571428,0.1428571428571428,0.020408163265306103
4,4,2025-12-21,2,1.0,1.0,1.0
4,4,2025-12-22,1,1.1428571428571428,0.1428571428571428,0.020408163265306103
4,4,2025-12-23,2,1.1428571428571428,0.8571428571428572,0.7346938775510206
4,4,2025-12-24,3,1.2857142857142858,1.7142857142857142,2.9387755102040813
4,4,2025-12-25,2,1.5714285714285714,0.4285714285714286,0.18367346938775514
4,4,2025-12-26,2,1.7142857142857142,0.2857142857142858,0.08163265306122454
4,4,2025-12-27,0,1.8571428571428572,1.8571428571428572,3.4489795918367347
4,4,2025-12-28,2,1.7142857142857142,0.2857142857142858,0.08163265306122454
4,4,2025-12-29,2,1.7142857142857142,0.2857142857142858,0.08163265306122454
4,4,2025-12-30,2,1.8571428571428572,0.1428571428571428,0.020408163265306103
4,4,2025-12-31,1,1.8571428571428572,0.8571428571428572,0.7346938775510206
4,5,2025-12-02,4,6.857142857142857,2.8571428571428568,8.163265306122447
4,5,2025-12-03,4,6.857142857142857,2.8571428571428568,8.163265306122447
4,5,2025-12-04,5,6.857142857142857,1.8571428571428568,3.4489795918367334
4,5,2025-12-05,4,7.0,3.0,9.0
4,5,2025-12-06,5,6.285714285714286,1.2857142857142856,1.6530612244897955
4,5,2025-12-07,4,5.142857142857143,1.1428571428571432,1.3061224489795926
4,5,2025-12-08,4,4.285714285714286,0.2857142857142856,0.08163265306122441
4,5,2025-12-09,5,4.285714285714286,0.7142857142857144,0.5102040816326533
4,5,2025-12-10,5,4.428571428571429,0.5714285714285712,0.32653061224489766
4,5,2025-12-11,4,4.571428571428571,0.5714285714285712,0.32653061224489766
4,5,2025-12-12,5,4.428571428571429,0.5714285714285712,0.32653061224489766
4,5,2025-12-13,5,4.571428571428571,0.4285714285714288,0.1836734693877553
4,5,2025-12-14,5,4.571428571428571,0.4285714285714288,0.1836734693877553
4,5,2025-12-15,5,4.714285714285714,0.2857142857142856,0.08163265306122441
4,5,2025-12-16,4,4.857142857142857,0.8571428571428568,0.7346938775510198
4,5,2025-12-17,5,4.714285714285714,0.2857142857142856,0.08163265306122441
4,5,2025-12-18,5,4.714285714285714,0.2857142857142856,0.08163265306122441
4,5,2025-12-19,5,4.857142857142857,0.14285714285714324,0.020408163265306232
4,5,2025-12-20,4,4.857142857142857,0.8571428571428568,0.7346938775510198
4,5,2025-12-21,5,4.714285714285714,0.2857142857142856,0.08163265306122441
4,5,2025-12-22,5,4.714285714285714,0.2857142857142856,0.08163265306122441
4,5,2025-12-23,5,4.714285714285714,0.2857142857142856,0.08163265306122441
4,5,2025-12-24,9,4.857142857142857,4.142857142857143,17.16326530612245
4,5,2025-12-25,7,5.428571428571429,1.5714285714285712,2.4693877551020402
4,5,2025-12-26,9,5.714285714285714,3.2857142857142856,10.795918367346937
4,5,2025-12-27,5,6.285714285714286,1.2857142857142856,1.6530612244897955
4,5,2025-12-28,5,6.428571428571429,1.4285714285714288,2.040816326530613
4,5,2025-12-29,5,6.428571428571429,1.4285714285714288,2.040816326530613
4,5,2025-12-30,5,6.428571428571429,1.4285714285714288,2.040816326530613
4,5,2025-12-31,5,6.428571428571429,1.4285714285714288,2.040816326530613
4,6,2025-12-02,3,3.857142857142857,0.8571428571428572,0.7346938775510206
4,6,2025-12-03,2,3.857142857142857,1.8571428571428572,3.4489795918367347
4,6,2025-12-04,3,3.857142857142857,0.8571428571428572,0.7346938775510206
4,6,2025-12-05,3,4.0,1.0,1.0
4,6,2025-12-06,3,3.5714285714285716,0.5714285714285716,0.32653061224489816
4,6,2025-12-07,3,3.142857142857143,0.1428571428571428,0.020408163265306103
4,6,2025-12-08,3,2.857142857142857,0.1428571428571428,0.020408163265306103
4,6,2025-12-09,3,2.857142857142857,0.1428571428571428,0.020408163265306103
4,6,2025-12-10,3,2.857142857142857,0.1428571428571428,0.020408163265306103
4,6,2025-12-11,3,3.0,0.0,0.0
4,6,2025-12-12,3,3.0,0.0,0.0
4,6,2025-12-13,3,3.0,0.0,0.0
4,6,2025-12-14,4,3.0,1.0,1.0
4,6,2025-12-15,3,3.142857142857143,0.1428571428571428,0.020408163265306103
4,6,2025-12-16,3,3.142857142857143,0.1428571428571428,0.020408163265306103
4,6,2025-12-17,3,3.142857142857143,0.1428571428571428,0.020408163265306103
4,6,2025-12-18,3,3.142857142857143,0.1428571428571428,0.020408163265306103
4,6,2025-12-19,3,3.142857142857143,0.1428571428571428,0.020408163265306103
4,6,2025-12-20,3,3.142857142857143,0.1428571428571428,0.020408163265306103
4,6,2025-12-21,4,3.142857142857143,0.8571428571428572,0.7346938775510206
4,6,2025-12-22,3,3.142857142857143,0.1428571428571428,0.020408163265306103
4,6,2025-12-23,2,3.142857142857143,1.1428571428571428,1.3061224489795917
4,6,2025-12-24,5,3.0,2.0,4.0
4,6,2025-12-25,5,3.2857142857142856,1.7142857142857144,2.9387755102040822
4,6,2025-12-26,4,3.5714285714285716,0.4285714285714284,0.18367346938775495
4,6,2025-12-27,3,3.7142857142857144,0.7142857142857144,0.5102040816326533
4,6,2025-12-28,3,3.7142857142857144,0.7142857142857144,0.5102040816326533
4,6,2025-12-29,3,3.5714285714285716,0.5714285714285716,0.32653061224489816
4,6,2025-12-30,2,3.5714285714285716,1.5714285714285716,2.4693877551020416
4,6,2025-12-31,3,3.5714285714285716,0.5714285714285716,0.32653061224489816
4,7,2025-12-02,10,18.714285714285715,8.714285714285715,75.9387755102041
4,7,2025-12-03,10,18.428571428571427,8.428571428571427,71.04081632653059
4,7,2025-12-04,10,17.857142857142858,7.857142857142858,61.73469387755103
4,7,2025-12-05,9,17.857142857142858,8.857142857142858,78.44897959183675
4,7,2025-12-06,13,15.857142857142858,2.8571428571428577,8.163265306122453
4,7,2025-12-07,14,13.285714285714286,0.7142857142857135,0.510204081632652
4,7,2025-12-08,9,11.0,2.0,4.0
4,7,2025-12-09,8,10.714285714285714,2.7142857142857135,7.367346938775506
4,7,2025-12-10,10,10.428571428571429,0.4285714285714288,0.1836734693877553
4,7,2025-12-11,9,10.428571428571429,1.4285714285714288,2.040816326530613
4,7,2025-12-12,0,10.285714285714286,10.285714285714286,105.79591836734696
4,7,2025-12-13,10,9.0,1.0,1.0
4,7,2025-12-14,11,8.571428571428571,2.428571428571429,5.89795918367347
4,7,2025-12-15,10,8.142857142857142,1.8571428571428577,3.4489795918367365
4,7,2025-12-16,10,8.285714285714286,1.7142857142857135,2.938775510204079
4,7,2025-12-17,9,8.571428571428571,0.4285714285714288,0.1836734693877553
4,7,2025-12-18,9,8.428571428571429,0.5714285714285712,0.32653061224489766
4,7,2025-12-19,10,8.428571428571429,1.5714285714285712,2.4693877551020402
4,7,2025-12-20,10,9.857142857142858,0.14285714285714235,0.02040816326530598
4,7,2025-12-21,12,9.857142857142858,2.1428571428571423,4.591836734693875
4,7,2025-12-22,8,10.0,2.0,4.0
4,7,2025-12-23,7,9.714285714285714,2.7142857142857135,7.367346938775506
4,7,2025-12-24,14,9.285714285714286,4.7142857142857135,22.22448979591836
4,7,2025-12-25,16,10.0,6.0,36.0
4,7,2025-12-26,16,11.0,5.0,25.0
4,7,2025-12-27,12,11.857142857142858,0.14285714285714235,0.02040816326530598
4,7,2025-12-28,11,12.142857142857142,1.1428571428571423,1.3061224489795906
4,7,2025-12-29,9,12.0,3.0,9.0
4,7,2025-12-30,12,12.142857142857142,0.14285714285714235,0.02040816326530598
4,7,2025-12-31,11,12.857142857142858,1.8571428571428577,3.4489795918367365
4,8,2025-12-02,22,42.142857142857146,20.142857142857146,405.73469387755114
4,8,2025-12-03,18,41.857142857142854,23.857142857142854,569.1632653061223
4,8,2025-12-04,0,41.0,41.0,1681.0
4,8,2025-12-05,19,37.285714285714285,18.285714285714285,334.3673469387755
4,8,2025-12-06,29,31.571428571428573,2.571428571428573,6.612244897959192
4,8,2025-12-07,28,23.857142857142858,4.142857142857142,17.163265306122444
4,8,2025-12-08,22,20.0,2.0,4.0
4,8,2025-12-09,21,19.714285714285715,1.2857142857142847,1.6530612244897933
4,8,2025-12-10,20,19.571428571428573,0.42857142857142705,0.1836734693877538
4,8,2025-12-11,21,19.857142857142858,1.1428571428571423,1.3061224489795906
4,8,2025-12-12,21,22.857142857142858,1.8571428571428577,3.4489795918367365
4,8,2025-12-13,30,23.142857142857142,6.857142857142858,47.020408163265316
4,8,2025-12-14,21,23.285714285714285,2.2857142857142847,5.2244897959183625
4,8,2025-12-15,23,22.285714285714285,0.7142857142857153,0.5102040816326545
4,8,2025-12-16,26,22.428571428571427,3.571428571428573,12.755102040816338
4,8,2025-12-17,24,23.142857142857142,0.8571428571428577,0.7346938775510212
4,8,2025-12-18,19,23.714285714285715,4.714285714285715,22.224489795918377
4,8,2025-12-19,18,23.428571428571427,5.428571428571427,29.469387755102023
4,8,2025-12-20,26,23.0,3.0,9.0
4,8,2025-12-21,26,22.428571428571427,3.571428571428573,12.755102040816338
4,8,2025-12-22,25,23.142857142857142,1.8571428571428577,3.4489795918367365
4,8,2025-12-23,23,23.428571428571427,0.42857142857142705,0.1836734693877538
4,8,2025-12-24,35,23.0,12.0,144.0
4,8,2025-12-25,35,24.571428571428573,10.428571428571427,108.7551020408163
4,8,2025-12-26,31,26.857142857142858,4.142857142857142,17.163265306122444
4,8,2025-12-27,26,28.714285714285715,2.7142857142857153,7.3673469387755155
4,8,2025-12-28,21,28.714285714285715,7.714285714285715,59.51020408163267
4,8,2025-12-29,24,28.0,4.0,16.0
4,8,2025-12-30,23,27.857142857142858,4.857142857142858,23.59183673469388
4,8,2025-12-31,23,27.857142857142858,4.857142857142858,23.59183673469388
4,9,2025-12-02,11,27.285714285714285,16.285714285714285,265.2244897959183
4,9,2025-12-03,15,26.428571428571427,11.428571428571427,130.61224489795916
4,9,2025-12-04,16,26.428571428571427,10.428571428571427,108.7551020408163
4,9,2025-12-05,14,26.571428571428573,12.571428571428573,158.04081632653066
4,9,2025-12-06,15,23.142857142857142,8.142857142857142,66.30612244897958
4,9,2025-12-07,14,18.142857142857142,4.142857142857142,17.163265306122444
4,9,2025-12-08,14,14.285714285714286,0.2857142857142865,0.08163265306122493
4,9,2025-12-09,18,14.142857142857142,3.8571428571428577,14.877551020408168
4,9,2025-12-10,12,15.142857142857142,3.1428571428571423,9.877551020408161
4,9,2025-12-11,17,14.714285714285714,2.2857142857142865,5.2244897959183705
4,9,2025-12-12,17,14.857142857142858,2.1428571428571423,4.591836734693875
4,9,2025-12-13,23,15.285714285714286,7.7142857142857135,59.510204081632644
4,9,2025-12-14,20,16.428571428571427,3.571428571428573,12.755102040816338
4,9,2025-12-15,17,17.285714285714285,0.2857142857142847,0.08163265306122391
4,9,2025-12-16,16,17.714285714285715,1.7142857142857153,2.938775510204085
4,9,2025-12-17,15,17.428571428571427,2.428571428571427,5.897959183673462
4,9,2025-12-18,17,17.857142857142858,0.8571428571428577,0.7346938775510212
4,9,2025-12-19,17,17.857142857142858,0.8571428571428577,0.7346938775510212
4,9,2025-12-20,18,17.857142857142858,0.14285714285714235,0.02040816326530598
4,9,2025-12-21,20,17.142857142857142,2.8571428571428577,8.163265306122453
4,9,2025-12-22,20,17.142857142857142,2.8571428571428577,8.163265306122453
4,9,2025-12-23,15,17.571428571428573,2.571428571428573,6.612244897959192
4,9,2025-12-24,26,17.428571428571427,8.571428571428573,73.46938775510206
4,9,2025-12-25,25,19.0,6.0,36.0
4,9,2025-12-26,26,20.142857142857142,5.857142857142858,34.3061224489796
4,9,2025-12-27,20,21.428571428571427,1.428571428571427,2.040816326530608
4,9,2025-12-28,18,21.714285714285715,3.7142857142857153,13.795918367346946
4,9,2025-12-29,16,21.428571428571427,5.428571428571427,29.469387755102023
4,9,2025-12-30,15,20.857142857142858,5.857142857142858,34.3061224489796
4,9,2025-12-31,16,20.857142857142858,4.857142857142858,23.59183673469388
5,1,2025-12-02,1,5.142857142857143,4.142857142857143,17.16326530612245
5,1,2025-12-03,1,4.857142857142857,3.8571428571428568,14.877551020408161
5,1,2025-12-04,1,4.714285714285714,3.7142857142857144,13.795918367346939
5,1,2025-12-05,1,4.428571428571429,3.428571428571429,11.755102040816329
5,1,2025-12-06,1,3.2857142857142856,2.2857142857142856,5.224489795918367
5,1,2025-12-07,1,2.142857142857143,1.1428571428571428,1.3061224489795917
5,1,2025-12-08,1,1.0,0.0,0.0
5,1,2025-12-09,1,1.0,0.0,0.0
5,1,2025-12-10,1,1.0,0.0,0.0
5,1,2025-12-11,1,1.0,0.0,0.0
5,1,2025-12-12,1,1.0,0.0,0.0
5,1,2025-12-13,1,1.0,0.0,0.0
5,1,2025-12-14,1,1.0,0.0,0.0
5,1,2025-12-15,1,1.0,0.0,0.0
5,1,2025-12-16,0,1.0,1.0,1.0
5,1,2025-12-17,1,0.8571428571428571,0.1428571428571429,0.020408163265306135
5,1,2025-12-18,1,0.8571428571428571,0.1428571428571429,0.020408163265306135
5,1,2025-12-19,1,0.8571428571428571,0.1428571428571429,0.020408163265306135
5,1,2025-12-20,1,0.8571428571428571,0.1428571428571429,0.020408163265306135
5,1,2025-12-21,1,0.8571428571428571,0.1428571428571429,0.020408163265306135
5,1,2025-12-22,1,0.8571428571428571,0.1428571428571429,0.020408163265306135
5,1,2025-12-23,1,0.8571428571428571,0.1428571428571429,0.020408163265306135
5,1,2025-12-24,2,1.0,1.0,1.0
5,1,2025-12-25,2,1.1428571428571428,0.8571428571428572,0.7346938775510206
5,1,2025-12-26,2,1.2857142857142858,0.7142857142857142,0.510204081632653
5,1,2025-12-27,1,1.4285714285714286,0.4285714285714286,0.18367346938775514
5,1,2025-12-28,1,1.4285714285714286,0.4285714285714286,0.18367346938775514
5,1,2025-12-29,1,1.4285714285714286,0.4285714285714286,0.18367346938775514
5,1,2025-12-30,1,1.4285714285714286,0.4285714285714286,0.18367346938775514
5,1,2025-12-31,1,1.4285714285714286,0.4285714285714286,0.18367346938775514
5,2,2025-12-02,1,2.7142857142857144,1.7142857142857144,2.9387755102040822
5,2,2025-12-03,1,2.5714285714285716,1.5714285714285716,2.4693877551020416
5,2,2025-12-04,1,2.4285714285714284,1.4285714285714284,2.040816326530612
5,2,2025-12-05,1,2.2857142857142856,1.2857142857142856,1.6530612244897955
5,2,2025-12-06,1,2.0,1.0,1.0
5,2,2025-12-07,1,1.4285714285714286,0.4285714285714286,0.18367346938775514
5,2,2025-12-08,1,0.8571428571428571,0.1428571428571429,0.020408163265306135
5,2,2025-12-09,1,1.0,0.0,0.0
5,2,2025-12-10,1,1.0,0.0,0.0
5,2,2025-12-11,1,1.0,0.0,0.0
5,2,2025-12-12,1,1.0,0.0,0.0
5,2,2025-12-13,1,1.0,0.0,0.0
5,2,2025-12-14,1,1.0,0.0,0.0
5,2,2025-12-15,1,1.0,0.0,0.0
5,2,2025-12-16,1,1.0,0.0,0.0
5,2,2025-12-17,1,1.0,0.0,0.0
5,2,2025-12-18,1,1.0,0.0,0.0
5,2,2025-12-19,1,1.0,0.0,0.0
5,2,2025-12-20,1,1.0,0.0,0.0
5,2,2025-12-21,1,1.0,0.0,0.0
5,2,2025-12-22,1,1.0,0.0,0.0
5,2,2025-12-23,1,1.0,0.0,0.0
5,2,2025-12-24,1,1.0,0.0,0.0
5,2,2025-12-25,1,1.0,0.0,0.0
5,2,2025-12-26,1,1.0,0.0,0.0
5,2,2025-12-27,1,1.0,0.0,0.0
5,2,2025-12-28,1,1.0,0.0,0.0
5,2,2025-12-29,1,1.0,0.0,0.0
5,2,2025-12-30,1,1.0,0.0,0.0
5,2,2025-12-31,1,1.0,0.0,0.0
5,3,2025-12-02,16,43.285714285714285,27.285714285714285,744.5102040816327
5,3,2025-12-03,15,41.714285714285715,26.714285714285715,713.6530612244899
5,3,2025-12-04,15,39.857142857142854,24.857142857142854,617.877551020408
5,3,2025-12-05,12,38.714285714285715,26.714285714285715,713.6530612244899
5,3,2025-12-06,19,30.428571428571427,11.428571428571427,130.61224489795916
5,3,2025-12-07,18,22.142857142857142,4.142857142857142,17.163265306122444
5,3,2025-12-08,15,16.142857142857142,1.1428571428571423,1.3061224489795906
5,3,2025-12-09,18,15.714285714285714,2.2857142857142865,5.2244897959183705
5,3,2025-12-10,13,16.0,3.0,9.0
5,3,2025-12-11,14,15.714285714285714,1.7142857142857135,2.938775510204079
5,3,2025-12-12,14,15.571428571428571,1.5714285714285712,2.4693877551020402
5,3,2025-12-13,17,15.857142857142858,1.1428571428571423,1.3061224489795906
5,3,2025-12-14,18,15.571428571428571,2.428571428571429,5.89795918367347
5,3,2025-12-15,16,15.571428571428571,0.4285714285714288,0.1836734693877553
5,3,2025-12-16,15,15.714285714285714,0.7142857142857135,0.510204081632652
5,3,2025-12-17,14,15.285714285714286,1.2857142857142865,1.653061224489798
5,3,2025-12-18,19,15.428571428571429,3.571428571428571,12.755102040816325
5,3,2025-12-19,20,16.142857142857142,3.8571428571428577,14.877551020408168
5,3,2025-12-20,18,17.0,1.0,1.0
5,3,2025-12-21,16,17.142857142857142,1.1428571428571423,1.3061224489795906
5,3,2025-12-22,18,16.857142857142858,1.1428571428571423,1.3061224489795906
5,3,2025-12-23,13,17.142857142857142,4.142857142857142,17.163265306122444
5,3,2025-12-24,25,16.857142857142858,8.142857142857142,66.30612244897958
5,3,2025-12-25,24,18.428571428571427,5.571428571428573,31.040816326530628
5,3,2025-12-26,23,19.142857142857142,3.8571428571428577,14.877551020408168
5,3,2025-12-27,17,19.571428571428573,2.571428571428573,6.612244897959192
5,3,2025-12-28,16,19.428571428571427,3.428571428571427,11.755102040816316
5,3,2025-12-29,16,19.428571428571427,3.428571428571427,11.755102040816316
5,3,2025-12-30,16,19.142857142857142,3.1428571428571423,9.877551020408161
5,3,2025-12-31,14,19.571428571428573,5.571428571428573,31.040816326530628
5,4,2025-12-02,1,2.142857142857143,1.1428571428571428,1.3061224489795917
5,4,2025-12-03,2,2.142857142857143,0.1428571428571428,0.020408163265306103
5,4,2025-12-04,1,2.2857142857142856,1.2857142857142856,1.6530612244897955
5,4,2025-12-05,2,2.2857142857142856,0.2857142857142856,0.08163265306122441
5,4,2025-12-06,1,2.142857142857143,1.1428571428571428,1.3061224489795917
5,4,2025-12-07,1,1.8571428571428572,0.8571428571428572,0.7346938775510206
5,4,2025-12-08,1,1.4285714285714286,0.4285714285714286,0.18367346938775514
5,4,2025-12-09,1,1.2857142857142858,0.2857142857142858,0.08163265306122454
5,4,2025-12-10,2,1.2857142857142858,0.7142857142857142,0.510204081632653
5,4,2025-12-11,1,1.2857142857142858,0.2857142857142858,0.08163265306122454
5,4,2025-12-12,1,1.2857142857142858,0.2857142857142858,0.08163265306122454
5,4,2025-12-13,2,1.1428571428571428,0.8571428571428572,0.7346938775510206
5,4,2025-12-14,2,1.2857142857142858,0.7142857142857142,0.510204081632653
5,4,2025-12-15,2,1.4285714285714286,0.5714285714285714,0.32653061224489793
5,4,2025-12-16,2,1.5714285714285714,0.4285714285714286,0.18367346938775514
5,4,2025-12-17,1,1.7142857142857142,0.7142857142857142,0.510204081632653
5,4,2025-12-18,1,1.5714285714285714,0.5714285714285714,0.32653061224489793
5,4,2025-12-19,2,1.5714285714285714,0.4285714285714286,0.18367346938775514
5,4,2025-12-20,2,1.7142857142857142,0.2857142857142858,0.08163265306122454
5,4,2025-12-21,2,1.7142857142857142,0.2857142857142858,0.08163265306122454
5,4,2025-12-22,2,1.7142857142857142,0.2857142857142858,0.08163265306122454
5,4,2025-12-23,1,1.7142857142857142,0.7142857142857142,0.510204081632653
5,4,2025-12-24,2,1.5714285714285714,0.4285714285714286,0.18367346938775514
5,4,2025-12-25,3,1.7142857142857142,1.2857142857142858,1.6530612244897962
5,4,2025-12-26,2,2.0,0.0,0.0
5,4,2025-12-27,2,2.0,0.0,0.0
5,4,2025-12-28,2,2.0,0.0,0.0
5,4,2025-12-29,1,2.0,1.0,1.0
5,4,2025-12-30,2,1.8571428571428572,0.1428571428571428,0.020408163265306103
5,4,2025-12-31,1,2.0,1.0,1.0
5,5,2025-12-02,5,6.285714285714286,1.2857142857142856,1.6530612244897955
5,5,2025-12-03,6,6.428571428571429,0.4285714285714288,0.1836734693877553
5,5,2025-12-04,5,7.285714285714286,2.2857142857142856,5.224489795918367
5,5,2025-12-05,5,7.428571428571429,2.428571428571429,5.89795918367347
5,5,2025-12-06,5,7.0,2.0,4.0
5,5,2025-12-07,6,6.142857142857143,0.14285714285714324,0.020408163265306232
5,5,2025-12-08,4,5.428571428571429,1.4285714285714288,2.040816326530613
5,5,2025-12-09,5,5.142857142857143,0.14285714285714324,0.020408163265306232
5,5,2025-12-10,5,5.142857142857143,0.14285714285714324,0.020408163265306232
5,5,2025-12-11,5,5.0,0.0,0.0
5,5,2025-12-12,6,5.0,1.0,1.0
5,5,2025-12-13,5,5.142857142857143,0.14285714285714324,0.020408163265306232
5,5,2025-12-14,6,5.142857142857143,0.8571428571428568,0.7346938775510198
5,5,2025-12-15,4,5.142857142857143,1.1428571428571432,1.3061224489795926
5,5,2025-12-16,5,5.142857142857143,0.14285714285714324,0.020408163265306232
5,5,2025-12-17,5,5.142857142857143,0.14285714285714324,0.020408163265306232
5,5,2025-12-18,5,5.142857142857143,0.14285714285714324,0.020408163265306232
5,5,2025-12-19,5,5.142857142857143,0.14285714285714324,0.020408163265306232
5,5,2025-12-20,5,5.0,0.0,0.0
5,5,2025-12-21,5,5.0,0.0,0.0
5,5,2025-12-22,5,4.857142857142857,0.14285714285714324,0.020408163265306232
5,5,2025-12-23,6,5.0,1.0,1.0
5,5,2025-12-24,7,5.142857142857143,1.8571428571428568,3.4489795918367334
5,5,2025-12-25,0,5.428571428571429,5.428571428571429,29.469387755102044
5,5,2025-12-26,8,4.714285714285714,3.2857142857142856,10.795918367346937
5,5,2025-12-27,5,5.142857142857143,0.14285714285714324,0.020408163265306232
5,5,2025-12-28,5,5.142857142857143,0.14285714285714324,0.020408163265306232
5,5,2025-12-29,5,5.142857142857143,0.14285714285714324,0.020408163265306232
5,5,2025-12-30,5,5.142857142857143,0.14285714285714324,0.020408163265306232
5,5,2025-12-31,4,5.0,1.0,1.0
5,6,2025-12-02,3,4.285714285714286,1.2857142857142856,1.6530612244897955
5,6,2025-12-03,3,4.428571428571429,1.4285714285714288,2.040816326530613
5,6,2025-12-04,3,4.428571428571429,1.4285714285714288,2.040816326530613
5,6,2025-12-05,3,4.428571428571429,1.4285714285714288,2.040816326530613
5,6,2025-12-06,4,4.0,0.0,0.0
5,6,2025-12-07,3,3.7142857142857144,0.7142857142857144,0.5102040816326533
5,6,2025-12-08,0,3.142857142857143,3.142857142857143,9.877551020408163
5,6,2025-12-09,3,2.7142857142857144,0.2857142857142856,0.08163265306122441
5,6,2025-12-10,0,2.7142857142857144,2.7142857142857144,7.367346938775511
5,6,2025-12-11,2,2.2857142857142856,0.2857142857142856,0.08163265306122441
5,6,2025-12-12,3,2.142857142857143,0.8571428571428572,0.7346938775510206
5,6,2025-12-13,4,2.142857142857143,1.8571428571428572,3.4489795918367347
5,6,2025-12-14,4,2.142857142857143,1.8571428571428572,3.4489795918367347
5,6,2025-12-15,3,2.2857142857142856,0.7142857142857144,0.5102040816326533
5,6,2025-12-16,3,2.7142857142857144,0.2857142857142856,0.08163265306122441
5,6,2025-12-17,3,2.7142857142857144,0.2857142857142856,0.08163265306122441
5,6,2025-12-18,3,3.142857142857143,0.1428571428571428,0.020408163265306103
5,6,2025-12-19,3,3.2857142857142856,0.2857142857142856,0.08163265306122441
5,6,2025-12-20,3,3.2857142857142856,0.2857142857142856,0.08163265306122441
5,6,2025-12-21,4,3.142857142857143,0.8571428571428572,0.7346938775510206
5,6,2025-12-22,0,3.142857142857143,3.142857142857143,9.877551020408163
5,6,2025-12-23,3,2.7142857142857144,0.2857142857142856,0.08163265306122441
5,6,2025-12-24,5,2.7142857142857144,2.2857142857142856,5.224489795918367
5,6,2025-12-25,5,3.0,2.0,4.0
5,6,2025-12-26,6,3.2857142857142856,2.7142857142857144,7.367346938775511
5,6,2025-12-27,3,3.7142857142857144,0.7142857142857144,0.5102040816326533
5,6,2025-12-28,4,3.7142857142857144,0.2857142857142856,0.08163265306122441
5,6,2025-12-29,3,3.7142857142857144,0.7142857142857144,0.5102040816326533
5,6,2025-12-30,3,4.142857142857143,1.1428571428571432,1.3061224489795926
5,6,2025-12-31,3,4.142857142857143,1.1428571428571432,1.3061224489795926
5,7,2025-12-02,12,18.428571428571427,6.428571428571427,41.32653061224488
5,7,2025-12-03,11,18.142857142857142,7.142857142857142,51.0204081632653
5,7,2025-12-04,10,18.0,8.0,64.0
5,7,2025-12-05,12,17.714285714285715,5.714285714285715,32.65306122448981
5,7,2025-12-06,15,15.285714285714286,0.2857142857142865,0.08163265306122493
5,7,2025-12-07,14,14.142857142857142,0.14285714285714235,0.02040816326530598
5,7,2025-12-08,12,12.142857142857142,0.14285714285714235,0.02040816326530598
5,7,2025-12-09,10,12.285714285714286,2.2857142857142865,5.2244897959183705
5,7,2025-12-10,12,12.0,0.0,0.0
5,7,2025-12-11,11,12.142857142857142,1.1428571428571423,1.3061224489795906
5,7,2025-12-12,11,12.285714285714286,1.2857142857142865,1.653061224489798
5,7,2025-12-13,13,12.142857142857142,0.8571428571428577,0.7346938775510212
5,7,2025-12-14,12,11.857142857142858,0.14285714285714235,0.02040816326530598
5,7,2025-12-15,10,11.571428571428571,1.5714285714285712,2.4693877551020402
5,7,2025-12-16,11,11.285714285714286,0.2857142857142865,0.08163265306122493
5,7,2025-12-17,12,11.428571428571429,0.5714285714285712,0.32653061224489766
5,7,2025-12-18,10,11.428571428571429,1.4285714285714288,2.040816326530613
5,7,2025-12-19,12,11.285714285714286,0.7142857142857135,0.510204081632652
5,7,2025-12-20,13,11.428571428571429,1.5714285714285712,2.4693877551020402
5,7,2025-12-21,12,11.428571428571429,0.5714285714285712,0.32653061224489766
5,7,2025-12-22,13,11.428571428571429,1.5714285714285712,2.4693877551020402
5,7,2025-12-23,10,11.857142857142858,1.8571428571428577,3.4489795918367365
5,7,2025-12-24,22,11.714285714285714,10.285714285714286,105.79591836734696
5,7,2025-12-25,19,13.142857142857142,5.857142857142858,34.3061224489796
5,7,2025-12-26,18,14.428571428571429,3.571428571428571,12.755102040816325
5,7,2025-12-27,11,15.285714285714286,4.2857142857142865,18.367346938775515
5,7,2025-12-28,12,15.0,3.0,9.0
5,7,2025-12-29,10,15.0,5.0,25.0
5,7,2025-12-30,9,14.571428571428571,5.571428571428571,31.04081632653061
5,7,2025-12-31,10,14.428571428571429,4.428571428571429,19.612244897959187
5,8,2025-12-02,26,49.0,23.0,529.0
5,8,2025-12-03,22,49.142857142857146,27.142857142857146,736.7346938775512
5,8,2025-12-04,24,48.285714285714285,24.285714285714285,589.7959183673469
5,8,2025-12-05,23,47.57142857142857,24.57142857142857,603.7551020408163
5,8,2025-12-06,30,42.142857142857146,12.142857142857146,147.4489795918368
5,8,2025-12-07,31,34.57142857142857,3.5714285714285694,12.755102040816311
5,8,2025-12-08,23,25.714285714285715,2.7142857142857153,7.3673469387755155
5,8,2025-12-09,28,25.571428571428573,2.428571428571427,5.897959183673462
5,8,2025-12-10,28,25.857142857142858,2.1428571428571423,4.591836734693875
5,8,2025-12-11,26,26.714285714285715,0.7142857142857153,0.5102040816326545
5,8,2025-12-12,22,27.0,5.0,25.0
5,8,2025-12-13,25,26.857142857142858,1.8571428571428577,3.4489795918367365
5,8,2025-12-14,24,26.142857142857142,2.1428571428571423,4.591836734693875
5,8,2025-12-15,26,25.142857142857142,0.8571428571428577,0.7346938775510212
5,8,2025-12-16,20,25.571428571428573,5.571428571428573,31.040816326530628
5,8,2025-12-17,25,24.428571428571427,0.571428571428573,0.3265306122448997
5,8,2025-12-18,20,24.0,4.0,16.0
5,8,2025-12-19,26,23.142857142857142,2.8571428571428577,8.163265306122453
5,8,2025-12-20,27,23.714285714285715,3.2857142857142847,10.795918367346932
5,8,2025-12-21,31,24.0,7.0,49.0
5,8,2025-12-22,27,25.0,2.0,4.0
5,8,2025-12-23,27,25.142857142857142,1.8571428571428577,3.4489795918367365
5,8,2025-12-24,47,26.142857142857142,20.857142857142858,435.0204081632653
5,8,2025-12-25,41,29.285714285714285,11.714285714285715,137.2244897959184
5,8,2025-12-26,34,32.285714285714285,1.7142857142857153,2.938775510204085
5,8,2025-12-27,24,33.42857142857143,9.42857142857143,88.8979591836735
5,8,2025-12-28,20,33.0,13.0,169.0
5,8,2025-12-29,20,31.428571428571427,11.428571428571427,130.61224489795916
5,8,2025-12-30,24,30.428571428571427,6.428571428571427,41.32653061224488
5,8,2025-12-31,22,30.0,8.0,64.0
5,9,2025-12-02,18,28.285714285714285,10.285714285714285,105.79591836734691
5,9,2025-12-03,19,28.857142857142858,9.857142857142858,97.16326530612245
5,9,2025-12-04,14,29.285714285714285,15.285714285714285,233.65306122448976
5,9,2025-12-05,16,29.428571428571427,13.428571428571427,180.32653061224485
5,9,2025-12-06,24,26.285714285714285,2.2857142857142847,5.2244897959183625
5,9,2025-12-07,19,23.142857142857142,4.142857142857142,17.163265306122444
5,9,2025-12-08,18,18.142857142857142,0.14285714285714235,0.02040816326530598
5,9,2025-12-09,18,18.285714285714285,0.2857142857142847,0.08163265306122391
5,9,2025-12-10,13,18.285714285714285,5.285714285714285,27.93877551020407
5,9,2025-12-11,17,17.428571428571427,0.42857142857142705,0.1836734693877538
5,9,2025-12-12,17,17.857142857142858,0.8571428571428577,0.7346938775510212
5,9,2025-12-13,19,18.0,1.0,1.0
5,9,2025-12-14,17,17.285714285714285,0.2857142857142847,0.08163265306122391
5,9,2025-12-15,14,17.0,3.0,9.0
5,9,2025-12-16,15,16.428571428571427,1.428571428571427,2.040816326530608
5,9,2025-12-17,16,16.0,0.0,0.0
5,9,2025-12-18,19,16.428571428571427,2.571428571428573,6.612244897959192
5,9,2025-12-19,20,16.714285714285715,3.2857142857142847,10.795918367346932
5,9,2025-12-20,22,17.142857142857142,4.857142857142858,23.59183673469388
5,9,2025-12-21,21,17.571428571428573,3.428571428571427,11.755102040816316
5,9,2025-12-22,14,18.142857142857142,4.142857142857142,17.163265306122444
5,9,2025-12-23,15,18.142857142857142,3.1428571428571423,9.877551020408161
5,9,2025-12-24,28,18.142857142857142,9.857142857142858,97.16326530612245
5,9,2025-12-25,26,19.857142857142858,6.142857142857142,37.73469387755102
5,9,2025-12-26,30,20.857142857142858,9.142857142857142,83.59183673469387
5,9,2025-12-27,20,22.285714285714285,2.2857142857142847,5.2244897959183625
5,9,2025-12-28,20,22.0,2.0,4.0
5,9,2025-12-29,18,21.857142857142858,3.8571428571428577,14.877551020408168
5,9,2025-12-30,15,22.428571428571427,7.428571428571427,55.183673469387735
5,9,2025-12-31,18,22.428571428571427,4.428571428571427,19.61224489795917
